Date,Close,High,Low,Open,Volume,EMA_60
2021-05-11,18.025209426879883,18.141168928571247,17.85771314230965,17.87059768607215,28633629,18.025209426879883
2021-05-12,17.761089324951172,17.909259558142402,17.63868819114235,17.844836809686367,26098428,18.01654975140681
2021-05-13,18.276453018188477,18.405297052844748,17.76107966390541,17.786848749270863,48363464,18.025071169989815
2021-05-14,18.682310104370117,18.798269597935395,18.257127150858807,18.463277052270183,50573834,18.04661998751048
2021-05-17,18.669437408447266,18.701646695376695,18.27646350376551,18.59857307912147,42125619,18.06704023081988
2021-05-18,18.630779266357422,18.84337081090737,18.476167487079543,18.553473376718483,29956293,18.085523477886685
2021-05-19,18.766061782836914,18.83692608322606,18.166939498117866,18.379531007114064,29980879,18.107836209196527
2021-05-20,18.86913299560547,19.146145781393237,18.720962847980957,18.804710284352883,36382216,18.132796759570592
2021-05-21,18.959331512451172,18.991542185775895,18.64366496482873,18.894910165801733,31633020,18.159896259665036
2021-05-24,18.907791137695312,19.068845877889935,18.811159128881375,19.017309084956782,28429122,18.18441740320701
2021-05-25,18.713390350341797,18.958601140134625,18.57142738318769,18.919883206645103,38124430,18.201760778522903
2021-05-26,18.97150993347168,19.081208669574792,18.765017046523354,18.765017046523354,23792660,18.22699845573434
2021-05-27,18.8101863861084,19.036037534717387,18.62950546722121,18.971509033539736,67821833,18.24611937148431
2021-05-28,19.11992645263672,19.190907248924514,18.713392974689633,18.75211091360892,29988923,18.27476878398111
2021-05-31,19.06184196472168,19.313504972205116,18.965047856695747,19.145728704225053,17563652,18.300574462038178
2021-06-01,19.75588607788086,19.75588607788086,19.239393035486962,19.26521671096973,48906171,18.34828959698384
2021-06-02,20.414417266845703,20.524171725821624,19.775255828254533,19.78816836375681,64182184,18.416031487798982
2021-06-04,20.84052276611328,20.90508404472297,20.298204677322605,20.38213406047609,41730769,18.495523005120763
2021-06-07,21.331193923950195,21.421580279763727,20.575821040197965,20.840524537307164,67509805,18.588495822131563
2021-06-08,21.18269920349121,21.40220810002784,20.827609395005712,21.189154773014735,81765550,18.673551670700732
2021-06-09,21.473228454589844,22.073652287202794,20.930910334190486,21.092314935317617,101547730,18.765344352139717
2021-06-10,21.395761489868164,21.873518480922765,21.253726344114778,21.6927457162206,56582926,18.85158753698327
2021-06-11,21.14396858215332,21.402215166686315,20.892177569275372,21.331198297697007,26202324,18.92674757125114
2021-06-14,21.072952270507812,21.34411140071855,20.892178121838004,21.26663616763321,26905690,18.997114938439886
2021-06-15,21.072952270507812,21.195619296765624,20.84698493346955,21.15042610839717,19955642,19.065175178835556
2021-06-16,21.492591857910156,21.69918818192927,20.95027249617369,21.098764519659298,75863980,19.14476261093636
2021-06-17,21.240808486938477,22.170497157005737,21.214983414104463,21.731476499610398,56128933,19.213485426542988
2021-06-18,20.85344123840332,21.28600499768082,20.711406105981723,21.14396847006328,46601083,19.2672544695548
2021-06-21,20.95027732849121,21.137506990713458,20.69848638732121,20.801785270754944,31004431,19.322435546896976
2021-06-22,20.679115295410156,20.9567312661336,20.53708022320411,20.80823922984821,46060415,19.366916850126916
2021-06-23,20.530630111694336,21.060035768720493,20.43378817493909,20.692034734815568,32356327,19.40507138329306
2021-06-24,20.537084579467773,20.788874142478015,20.32402983317316,20.769506036522376,26939907,19.442186570052886
2021-06-25,19.885011672973633,20.743682089355524,19.76234466994704,20.646840159133173,44105310,19.45670542588635
2021-06-28,19.659046173095703,19.949573364857518,19.400799625396782,19.910837150060342,40825275,19.463339548745672
2021-06-29,19.465360641479492,19.652590327701663,19.258762848129418,19.536378894542782,34621647,19.463405814081206
2021-06-30,19.23938751220703,19.542827122381315,19.220019412356283,19.36851003813896,25504056,19.456060951724673
2021-07-01,19.178035736083984,19.365359770306917,18.939036924498847,19.24263095266023,22975087,19.446945370883995
2021-07-02,19.38472557067871,19.442860531459946,19.10051098235819,19.30075253935072,28580038,19.44490537743464
2021-07-05,19.119890213012695,19.28783628775254,19.087593320454424,19.19740303433215,13798920,19.43424914253556
2021-07-06,19.08759117126465,19.203861088101295,18.880889407087913,19.042375247594606,27612682,19.422883307411922
2021-07-07,19.171573638916016,19.339519789667726,18.82922530613422,19.10697982456453,44403516,19.41464364614976
2021-07-08,18.919654846191406,19.165112426848914,18.706492772785246,18.829222959012483,55591098,19.39841450516752
2021-07-12,19.178035736083984,19.378277417723375,18.939036924498847,18.990713097759844,30539448,19.391188971754943
2021-07-13,19.294300079345703,19.397650999700765,18.835680457513764,19.05530133775557,35688706,19.388012286757917
2021-07-14,19.320140838623047,19.92732744932437,19.262007242313185,19.50746485750597,48257302,19.385786993376446
2021-07-15,19.08759117126465,19.423480491128444,18.977781469751076,19.287834116016178,25655652,19.37601008117606
2021-07-16,18.77754020690918,19.24261991591309,18.745243315094573,19.22970088000765,21614354,19.35638811808534
2021-07-19,18.667728424072266,18.79045715770822,18.480405913974824,18.538539475251458,39053943,19.333809111724257
2021-07-20,18.91318702697754,19.035917163880605,18.486865843296947,18.58375651380693,29845712,19.320018223699773
2021-07-21,18.990703582763672,19.158648269918263,18.880892467552595,18.900270324867098,15188431,19.309221022357605
2021-07-22,18.79692268371582,19.068218296582458,18.700030595750174,19.00362310597262,19526235,19.29242435551689
2021-07-23,18.74524688720703,18.94548988805288,18.603140256963187,18.867977053747303,18986587,19.27448411065427
2021-07-26,19.074676513671875,19.210324315809746,18.78400305077592,18.78400305077592,27382004,19.26793304190075
2021-07-27,19.261991500854492,19.391180421951937,18.94548010985816,19.055289785457592,41281308,19.267738237276284
2021-07-28,19.888561248779297,20.16631704084395,19.442862171686585,19.475159064645673,78928065,19.288093090112447
2021-07-29,19.78521728515625,20.011296995020267,19.572055219371524,19.9467031910301,26288092,19.30439224404831
2021-07-30,19.572053909301758,20.08234827682338,19.41702823174274,19.636649104866628,48144908,19.3131680363517
2021-08-02,19.691614151000977,20.363725772951888,19.691614151000977,19.904880392450394,42392667,19.325576105684465
2021-08-03,19.885488510131836,20.312020898158234,19.491267615931374,20.292633443226887,62356921,19.343933889436837
2021-08-04,19.3297119140625,19.859648064142117,19.27801154157654,19.762709342009618,57249470,19.343467595162267
2021-08-05,19.387868881225586,19.75623896815701,19.193991505207652,19.517121861827246,55969180,19.344923375033193
2021-08-06,19.930723190307617,20.059976124915757,19.35554909772008,19.465414580943218,37719836,19.364129926353666
2021-08-09,20.163375854492188,20.312014826655165,19.88548256612434,19.88548256612434,38432832,19.390334710882797
2021-08-10,19.782089233398438,20.143995892012097,19.75623835875756,20.137533871646706,35944764,19.40317912145708
2021-08-11,20.00181770324707,20.22154734698882,19.47834516711943,19.646374457587065,39474399,19.422806615941997
2021-08-12,19.626977920532227,20.092286504222844,19.626977920532227,19.93072209061363,30945175,19.429500757076102
2021-08-13,19.891948699951172,19.995350777723374,19.465416351156502,19.659295072405715,34220225,19.44466298471135
2021-08-16,19.673974990844727,20.205704915740597,19.628583514425628,19.88147928342275,40491380,19.45218141114195
2021-08-17,19.602642059326172,19.82960080721567,19.284901774125064,19.654518825009696,44072680,19.457114547147988
2021-08-18,19.641544342041016,20.179757933764627,19.459978513698143,19.531308346637672,53791214,19.46316142566907
2021-08-19,19.388654708862305,19.99171302639969,19.22654191134904,19.388654708862305,45082749,19.46071858249508
2021-08-20,19.31732177734375,19.40810469869709,18.934735607842523,19.194115182949634,39317932,19.45601704789995
2021-08-23,19.524824142456055,19.602637873046397,19.31083603300337,19.36271278760825,24393150,19.458273018213266
2021-08-24,20.06952476501465,20.108432336991875,19.609126203862058,19.615611499850196,34165275,19.478314059092
2021-08-25,20.095458984375,20.134366548294103,19.790687971617853,19.939831531332395,19855031,19.498548318937342
2021-08-26,19.60912322998047,20.06303782762231,19.563731770216283,20.037099450237925,39789600,19.50217372585679
2021-08-27,19.946317672729492,20.011163619903193,19.518341427968394,19.725845656290108,25233269,19.516735822475564
2021-08-30,19.803659439086914,19.97225609950884,19.673968945745475,19.900926258105194,21302552,19.526143154167737
2021-08-31,20.063039779663086,20.277027910611867,19.797174888898162,19.86202083866834,49407297,19.543746322216766
2021-09-01,20.150619506835938,20.520415737494446,20.111694473290786,20.150619506835938,32612838,19.56364380367969
2021-09-02,19.424009323120117,20.046822650864733,19.320206868163183,20.04033561080361,36876544,19.55906562398921
2021-09-03,19.313724517822266,19.566741573595092,18.989341592066207,19.547279046688875,56222519,19.55102165329521
2021-09-06,19.56024169921875,19.638093157765535,19.216396472140413,19.248834463035205,30840146,19.551323949882864
2021-09-08,18.632511138916016,19.527806547356782,18.535197152083732,19.4888801114259,54336867,19.521198939687228
2021-09-09,18.879051208496094,19.145043737397085,18.398965285410103,18.788222815752682,63103001,19.500144915713747
2021-09-10,18.690895080566406,19.242345064089,18.548167657746625,19.138542664767233,40810093,19.473612134233505
2021-09-13,18.92445945739746,19.086649465910366,18.781730567509857,19.028261904043845,35205595,19.455607128435602
2021-09-14,18.807680130004883,19.047723007136263,18.74929117048679,18.879044569637752,27397073,19.43436362029033
2021-09-15,18.502765655517578,18.859585134564412,18.502765655517578,18.846611053360288,29908367,19.40381942472401
2021-09-16,18.489791870117188,18.593594343261444,18.269211439435992,18.373013912580245,52599525,19.37385130817952
2021-09-17,18.048622131347656,18.489782775720485,18.048622131347656,18.470318857706378,49421346,19.330401171234215
2021-09-20,17.639902114868164,17.925358445045447,17.425810217734362,17.711266547911645,49865822,19.274974972664836
2021-09-21,17.594501495361328,17.8734709909121,17.562063475366564,17.724254977338052,38037755,19.219877481605703
2021-09-22,18.003211975097656,18.15891633790508,17.711268573078545,17.73073109268067,43868060,19.179986809261177
2021-09-23,18.626028060913086,18.78173103374941,18.04213980978151,18.11999129619967,56944126,19.161824227348124
2021-09-24,18.366512298583984,18.60655648471485,18.340562750404516,18.489778610920435,46899175,19.135748426405037
2021-09-27,18.846609115600586,19.028263057746397,18.184869354356,18.44437478570759,66204022,19.12626844900161
2021-09-28,18.418432235717773,19.20992577519968,18.405456747923303,18.762277755279644,69369851,19.10306070430378
2021-09-29,18.74929428100586,18.794707767943304,18.418424390176327,18.587102855658696,59439332,19.091461805179257
2021-09-30,18.768760681152344,18.963390151381212,18.619544707243634,18.872563158740892,47356794,19.080881440457063
2021-10-01,19.25882911682129,19.38864985478604,18.78498601829005,18.90182313946151,48506222,19.086715790501792
2021-10-04,15.79911994934082,16.104197064293043,15.474570215038806,16.06525182559346,66781965,18.978925762922742
2021-10-05,16.182092666625977,16.4741876096381,15.799122213932243,15.967889614902116,55746545,18.88722631714252
2021-10-06,16.2340145111084,16.31190637545328,15.812098960076582,15.93542786218298,44244216,18.800235766125006
2021-10-07,15.889986991882324,16.38979568943318,15.838059562418245,16.311902441151474,43538924,18.704817773526884
2021-10-08,16.006832122802734,16.454712174550462,15.987359503990666,16.006832122802734,55105154,18.6163592276015
2021-10-11,15.727710723876953,16.104189127875934,15.721220321533718,15.954897249468642,48452065,18.521649440594135
2021-10-13,15.747194290161133,15.870523231295378,15.435625331460539,15.77315731800947,47860412,18.430683697956987
2021-10-14,15.669305801391602,15.974383017288199,15.474575335287966,15.857544457081056,41792857,18.340146717741728
2021-10-15,16.07173728942871,16.143138742056024,15.630349169296425,15.721223235286129,59503573,18.265772638124908
2021-10-18,16.182092666625977,16.25998455791424,15.818596238797719,15.954907399233315,32581454,18.197455262010187
2021-10-19,15.79911994934082,16.09121625320941,15.688773236059543,16.032796992435692,47718221,18.118821317332504
2021-10-20,16.221040725708008,16.259987379472737,15.779652329998365,15.9354361396077,42786725,18.056599002853012
2021-10-21,15.889986991882324,16.324884649198424,15.656311455208378,15.825077354371293,80104912,17.985562543476924
2021-10-22,15.279844284057617,15.753687511705385,14.870910741717136,15.656322983744452,105874771,17.896850469397602
2021-10-25,15.578417778015137,15.773148087910558,15.364214857947282,15.364214857947282,45016582,17.820836282794897
2021-10-26,15.409660339355469,15.57193592043561,15.240894352230882,15.377205503684332,32568991,17.741781333829667
2021-10-27,15.526490211486816,15.864023400232517,15.435616161194448,15.500527199063047,33442194,17.669148838015147
2021-10-28,15.494044303894043,15.565445785247684,15.175984944968063,15.36422355622601,41697345,17.59783393525708
2021-10-29,15.1305513381958,15.669305669988686,15.124060930560859,15.539484892766671,39933604,17.51693942387802
2021-11-01,15.73314094543457,15.830580627360844,15.362873803961628,15.401848553702322,40188416,17.45845422786348
2021-11-03,15.882554054260254,16.15538303141468,15.596733020509731,15.596733020509731,70258916,17.406785369712555
2021-11-04,15.044562339782715,16.064422958430423,14.953619444093516,15.902024529332177,81180809,17.32933543430502
2021-11-05,14.862689971923828,15.297917481173627,14.641829256510592,15.265438046776834,126468405,17.248461812587603
2021-11-08,14.784738540649414,15.05756746475394,14.700290891089049,14.810722648789154,37621718,17.167684000392907
2021-11-09,14.635326385498047,15.064058389461879,14.537888123198607,14.849691685586441,49238027,17.084655881871765
2021-11-10,15.005600929260254,15.284925183662155,14.563876697880922,14.635332294690462,54292566,17.016490145720567
2021-11-11,14.973112106323242,15.245942293749392,14.82370707090951,15.2199581989875,44943164,16.94949414442885
2021-11-12,14.940638542175293,15.2004753558009,14.784735330970106,14.960125917155711,41650213,16.883630026322177
2021-11-16,14.784738540649414,15.206973980876073,14.654819403738294,14.992608598192172,28013991,16.814813912037824
2021-11-17,14.843196868896484,15.057562176291784,14.719774504262045,14.895163663136794,33810419,16.750170730295483
2021-11-18,14.596349716186523,14.92114671980723,14.414465247157757,14.817211734800084,37668284,16.67955364786568
2021-11-19,14.472928047180176,14.602847135552901,14.349505685308966,14.550878938688989,32752424,16.607205267515337
2021-11-22,14.50878620147705,14.778320057478613,14.383880753309898,14.469341702798,31671315,16.53840464239933
2021-11-23,14.75202465057373,14.75202465057373,14.403603196009419,14.62711919456996,43766770,16.47983480660177
2021-11-24,15.146465301513672,15.231927684478554,14.554806256498102,14.600824134866345,52266989,16.43611777364806
2021-11-25,15.28451919555664,15.442295795960453,15.153038931996079,15.185910063377987,20130804,16.398360443218834
2021-11-26,14.99526309967041,15.09387364821333,14.778321881793868,14.962393390374647,36577772,16.352357251627083
2021-11-29,14.896656036376953,15.24507756038147,14.85721152736187,15.16618996300713,38197962,16.304629342930358
2021-11-30,14.712578773498535,14.955816266073464,14.495636189372451,14.90979840046889,69161379,16.252430963604724
2021-12-01,14.618927955627441,15.079469939722294,14.60576941011374,14.842618964029551,27021256,16.198873487933337
2021-12-02,15.17158031463623,15.237371629005777,14.697879723265835,14.763671037635381,35524082,16.165191744546547
2021-12-03,15.118950843811035,15.52685878796905,15.013683864802617,15.112370857873206,40226598,16.130888764194562
2021-12-06,15.296584129333496,15.638700664566866,15.132105846111932,15.197897159400558,42204929,16.10353451387125
2021-12-07,15.105786323547363,15.553169741183522,15.000519386142939,15.54001119628586,34780267,16.070821458450794
2021-12-08,14.961043357849121,15.224211405325091,14.770248016294712,15.191314333057974,42979561,16.034435291217953
2021-12-09,14.559714317321777,14.993939183715414,14.441288836750113,14.987360622251142,31683098,15.986083783877094
2021-12-10,14.579447746276855,14.757085922330617,14.388652450613026,14.6583975728197,23448341,15.939964569529545
2021-12-13,14.191276550292969,14.750505293121186,14.191276550292969,14.605764187776982,54986869,15.882630536111952
2021-12-14,14.329447746276855,14.579455907235868,14.263655002516103,14.316289197524705,35664007,15.831706510215719
2021-12-15,14.283395767211914,14.454454084149974,14.066281811560042,14.414978431728496,35939779,15.780942223559856
2021-12-16,14.428131103515625,14.447869632572273,14.191281550828187,14.408393996235903,28503900,15.736587760607586
2021-12-17,14.112325668334961,14.37549364772587,14.026797283542907,14.230751116883225,39972240,15.683333265778975
2021-12-20,13.895225524902344,14.138655195959394,13.757062853905992,14.132076630483349,25313939,15.624706782471543
2021-12-21,13.914957046508789,14.020223993475318,13.836005769951145,13.941272716917675,28202409,15.56864941407932
2021-12-22,13.967586517333984,14.020220689301343,13.796528301993385,13.967586517333984,20497442,15.51615554861226
2021-12-23,14.039961814880371,14.19128296996999,13.928116300074722,14.033381830611175,25353141,15.467755754063674
2021-12-27,14.18470287322998,14.276811278051849,14.020224594460258,14.13207010837908,15891231,15.425688446495355
2021-12-28,14.132067680358887,14.276808825163785,14.079434924550782,14.230754630665388,17328328,15.383274650884323
2021-12-29,14.013646125793457,14.197862955359907,13.967591918401846,14.164967296048356,14565961,15.338368797602655
2021-12-30,13.783373832702637,14.105753255064226,13.783373832702637,14.105753255064226,45316940,15.287385356130523
2022-01-03,14.16374397277832,14.36128581109047,13.88718568373657,13.939864266207167,37222335,15.250544655037007
2022-01-04,14.565408706665039,14.604916208398096,14.111062475903891,14.236171936351665,49793763,15.228081181319894
2022-01-05,14.288853645324707,14.63126016661575,14.1769137906788,14.54565818054891,35851405,15.197286835877428
2022-01-06,14.578582763671875,14.644429574914456,14.170329403419721,14.249347284482534,40624734,15.177001456460852
2022-01-07,14.901226997375488,14.914396637914688,14.40737330352212,14.545652394720092,48590177,15.16795967091707
2022-01-10,15.039509773254395,15.065847635317844,14.690519226898047,14.861721733702304,47125888,15.163748198862555
2022-01-11,15.375329971313477,15.375329971313478,14.947322972850019,15.006585655465086,63361665,15.170685306156027
2022-01-12,15.309479713439941,15.474098080891059,15.098768316940566,15.316065245004381,47231371,15.175235942460418
2022-01-13,15.59262466430664,15.684810729763866,15.177785946773305,15.204125229182747,49188741,15.188920818586523
2022-01-14,15.474103927612305,15.704569159932362,15.414841236019113,15.520196974076317,33902872,15.19827108445622
2022-01-17,15.474103927612305,15.6387223572627,15.24363869529225,15.447766060330187,19948957,15.207314784231828
2022-01-18,15.566290855407715,15.777002342823216,15.322655964891599,15.401672416928333,49389056,15.219084491483496
2022-01-19,15.460931777954102,15.856015375924637,15.408254628946835,15.684812862931008,35038364,15.22701391071204
2022-01-20,15.335822105407715,15.58604105016071,15.263389781356482,15.500440506260155,29391946,15.230581392505341
2022-01-21,15.3424072265625,15.5728724123805,15.223880444315585,15.263389371731224,42676371,15.2342478132941
2022-01-24,15.322649002075195,15.507021114038528,15.059260473981242,15.375326138503716,44921297,15.237146212926266
2022-01-25,15.875767707824707,15.902106991458608,15.144864682278984,15.18437218475395,44585362,15.258084622595067
2022-01-26,16.04697036743164,16.132570898051146,15.67822469446225,16.02063108586759,63314645,15.283949728983151
2022-01-27,16.125986099243164,16.409129831488702,15.935029856662553,16.125986099243164,47070145,15.31155747882774
2022-01-28,16.323524475097656,16.336692689612704,15.888932129813993,15.90868587456198,33360845,15.344736724607081
2022-01-31,16.679100036621094,16.79762535845873,16.145737511327244,16.244509087183776,50129358,15.388486341394426
2022-02-01,16.796167373657227,16.92795280234767,16.59189768083758,16.66438052099837,32598902,15.434639817862058
2022-02-02,16.532588958740234,16.809339965078017,16.42056967715026,16.782982319531214,39095411,15.470638150349867
2022-02-03,16.723682403564453,16.82252146249412,16.2821981409485,16.60507439367427,47261735,15.51172156848805
2022-02-04,16.77639389038086,16.974071963262645,16.605070615534657,16.63142826150606,39194888,15.553186234779616
2022-02-07,16.684141159057617,16.8356954656913,16.624837176116813,16.769801360219457,26166974,15.590266724100205
2022-02-08,16.868648529052734,16.94772149380659,16.49305835432967,16.657791561614285,42299308,15.632180881639632
2022-02-09,16.196537017822266,16.743449010316972,16.189946893208216,16.440340301242706,100922428,15.650684361514472
2022-02-10,16.50623893737793,16.67756086462949,16.117468469878208,16.17677248776693,68333609,15.678735331214913
2022-02-11,17.481449127197266,17.79114646375308,17.244233176495577,17.36284115184642,182038996,15.73784070157499
2022-02-14,17.441911697387695,17.586877309024683,17.310126331137056,17.5275733246248,43043123,15.79371188176557
2022-02-15,17.606645584106445,17.72525355799188,17.461681390221422,17.659359448073417,33336032,15.853152331022649
2022-02-16,17.422149658203125,17.70548942395408,17.382613181509225,17.64618542089733,44408048,15.904594866340041
2022-02-17,17.178342819213867,17.448503725965512,17.105859999562835,17.395789854198952,38194109,15.946357094303117
2022-02-18,17.244232177734375,17.494625512112343,17.171749372110533,17.277178519208555,29924682,15.988910375727093
2022-02-21,16.822509765625,17.316708988556076,16.62483178521326,17.283762658487454,25401293,16.016241503264727
2022-02-22,16.97657012939453,17.23369124414257,16.80515652780601,16.97657012939453,34318570,16.047727687728
2022-02-23,16.739229202270508,17.194134273349142,16.69967155817514,16.98975667401615,25506096,16.07039986853267
2022-02-24,16.45573616027832,16.56781401373395,16.04697954071873,16.31728654433999,49889615,16.083033845311217
2022-02-25,16.791969299316406,16.81174740663881,16.35684096511084,16.396398604486034,44070414,16.106277630688435
2022-03-02,16.51332664489746,16.764027802785414,16.43415793323381,16.605690379458107,36789303,16.119623500006764
2022-03-03,16.526521682739258,17.05431404478643,16.295612346128834,16.519923458425644,50467105,16.132964424030778
2022-03-04,16.275815963745117,16.57929570273477,16.018516653418367,16.539712070818595,34369894,16.13764808107059
2022-03-07,15.92615032196045,16.130669521761824,15.846981645447583,16.01191579413369,59892079,16.13071372831288
2022-03-08,15.774417877197266,16.13727461663743,15.695249159968837,15.985533981233607,49265672,16.11903189712876
2022-03-09,16.55950927734375,16.6980548855865,15.939351726839261,15.972339998465186,58459174,16.133473778447286
2022-03-10,16.572704315185547,16.572704315185547,16.150469265479533,16.322003145496584,33553115,16.14787477965182
2022-03-11,16.387969970703125,16.882775303854544,16.348384916735192,16.645269257200262,48649207,16.15574675312891
2022-03-14,16.61888885498047,16.84979823935422,16.50013504995437,16.50673327563282,36267443,16.170931740074863
2022-03-15,16.55950927734375,16.78382182552084,16.29561308436494,16.56610607623791,41720798,16.183671987198434
2022-03-16,16.882781982421875,16.92896385079441,16.585898950232245,16.72444455534985,45741022,16.206593626386088
2022-03-17,17.252233505249023,17.27862354642935,16.797013136337654,16.915765470213024,49108185,16.240876901102904
2022-03-18,17.37759017944336,17.54912264198819,17.19945949196309,17.212654516115528,73408542,16.278146188917344
2022-03-21,17.806413650512695,17.872387314440875,17.390775575755423,17.44355564747218,40745625,16.328253318805714
2022-03-22,18.05052375793457,18.162680742619518,17.878991307244956,17.944964997729038,41741192,16.38472120205584
2022-03-23,17.971355438232422,18.23525305739139,17.925173568737357,18.070317401846626,30594059,16.436741996684578
2022-03-24,18.09010887145996,18.29462959360519,17.964758288949344,18.030731979593174,53835967,16.490950746677214
2022-03-25,18.12310218811035,18.15608904521109,17.898790989537794,18.15608904521109,36342901,16.544463908691416
2022-03-28,18.109901428222656,18.2814338727826,17.8921856911122,18.169278317823846,24411278,16.595789729003915
2022-03-29,18.32101821899414,18.525536073838293,18.070315647701484,18.281433152247438,33838857,16.652354597528184
2022-03-30,18.3606014251709,18.44636835489834,18.15608072373414,18.367198223279992,37371325,16.70836269023778
2022-03-31,18.129690170288086,18.472755001140282,18.00433961385048,18.393586303691166,46340719,16.754963591223035
2022-04-01,18.180952072143555,18.40540730186277,18.042316029517618,18.286577223403,45495048,16.801717311908952
2022-04-04,18.01591682434082,18.16115252864471,17.83767164363463,18.121543439577657,28469684,16.841527131988684
2022-04-05,17.65282440185547,18.002712277081404,17.5736048016719,17.97630526814197,41644661,16.868127042476118
2022-04-06,17.64622688293457,17.765055593596017,17.46798167698987,17.5406002527416,38196035,16.893638512655084
2022-04-07,17.633014678955078,17.66602414642125,17.434965007330195,17.50098251562811,26732002,16.917880354173114
2022-04-08,17.60000991821289,17.75844910154424,17.43496684340465,17.533992402962678,29650496,16.94024525791212
2022-04-11,17.533992767333984,17.64622183227427,17.454773174022062,17.56039977398283,30882294,16.959712389368576
2022-04-12,17.223711013793945,17.758444914760002,17.170897014045362,17.692427415074274,33798183,16.968368081972685
2022-04-13,17.269927978515625,17.520790276269334,17.144496829638772,17.349147576404444,38370517,16.978255291695405
2022-04-14,17.382158279418945,17.47458139551791,17.170905035011348,17.210515553325862,26768711,16.99149801260437
2022-04-18,17.48117446899414,17.533988469345893,17.302930784392633,17.322735321207407,23802743,17.00755297838764
2022-04-19,17.1708984375,17.566997761913733,16.99925577735655,17.507582720588236,39035022,17.012908567210996
2022-04-20,17.283126831054688,17.32933694297113,17.071873675784317,17.177500253419502,28485092,17.021768182418985
2022-04-22,16.946439743041992,17.177497397378612,16.80780515044002,17.09827783398235,34773809,17.01929839752138
2022-04-25,16.880435943603516,16.933249979796198,16.563557432988336,16.834224375252536,42282427,17.01474553017981
2022-04-26,16.30609130859375,16.83422306975239,16.273081825215606,16.675783826731823,47838319,16.991510965537643
2022-04-27,16.174049377441406,16.570148708912473,16.108033297741027,16.49753016526142,27688480,16.964708946255797
2022-04-28,16.042015075683594,16.233463695561266,15.883575920817766,16.1806511194841,41170160,16.93445668820425
2022-04-29,15.75815200805664,16.47112995751999,15.75815200805664,16.147649036255235,50954295,16.895889321642034
2022-05-02,15.690528869628906,15.908544293534558,15.48572529034408,15.769807075804584,44535284,16.856369306821932
2022-05-03,15.769807815551758,15.961396703822723,15.644283864244542,15.723562074139087,29699668,16.82074433989504
2022-05-04,15.749984741210938,15.749984741210938,15.459297091392532,15.69713166250403,53745441,16.785637467807035
2022-05-05,15.386626243591309,15.584822451673906,15.128971030314933,15.584822451673906,45795293,16.739768247340944
2022-05-06,15.71695327758789,16.001033596738555,15.373412527276216,15.380018448688576,68490643,16.70623333029986
2022-05-09,15.49233341217041,15.789627057062864,15.201645689917475,15.68392230099905,63819963,16.666433332984138
2022-05-10,15.413054466247559,15.68392155227069,15.30734971522994,15.584824151267382,40331174,16.625338943910805
2022-05-11,15.928364753723145,16.00103704336249,15.439480777824329,15.446088128349867,64249824,16.602487331117768
2022-05-12,16.17941665649414,16.298336146082757,15.809450621869782,15.809450621869782,61754278,16.588616161457978
2022-05-13,16.370994567871094,16.46348600614253,16.18601169132822,16.311535582169522,29721422,16.581481027242013
2022-05-16,16.542776107788086,16.721153193530697,16.265301592871065,16.417252126424277,30939624,16.580212013489426
2022-05-17,16.688121795654297,16.925957925348577,16.655089317128013,16.754186752706865,30953220,16.583750039134177
2022-05-18,16.450292587280273,16.760798274659876,16.410652743196486,16.635274243264572,43092975,16.579374384975033
2022-05-19,16.397428512573242,16.602230667689863,16.311542954920046,16.463493447574056,25636391,16.57340894653563
2022-05-20,16.602235794067383,16.668302177158104,16.41725277679459,16.575810668521708,43072014,16.57435408907765
2022-05-23,17.03165054321289,17.176993630411186,16.701323138605527,16.70792905851424,43627637,16.58934741544274
2022-05-24,17.289304733276367,17.375190260565056,16.879700567857128,16.965584667456152,44474328,16.61229683569958
2022-05-25,16.978801727294922,17.262883480650306,16.95237518565954,17.21003039737954,32876147,16.624313389522378
2022-05-26,17.190217971801758,17.289315400408437,16.99202168689785,16.998627611062076,39868230,16.6428676381217
2022-05-27,17.28270149230957,17.454471145824588,17.091111220077128,17.216635142734646,27475589,16.6638457972754
2022-05-30,17.124147415161133,17.467688224794575,17.124147415161133,17.355377547561243,20339502,16.678937653599522
2022-05-31,17.28270149230957,17.441257875909606,17.190210030594567,17.309128032139537,75013550,16.698733189294934
2022-06-01,17.04315185546875,17.40014527899206,17.04315185546875,17.380311279213068,32284608,16.71002560457932
2022-06-02,17.11587905883789,17.241487777291177,16.85143942599082,17.201822618124,20319901,16.72333227521075
2022-06-03,16.957212448120117,17.16215287589398,16.91093548516124,17.023321987017347,22647423,16.73100047760122
2022-06-06,16.897706985473633,17.17536865960433,16.897706985473633,17.08942514818855,15100624,16.73646626474458
2022-06-07,16.897706985473633,16.98364906823587,16.772096908330514,16.838207851209408,23796625,16.74175284575209
2022-06-08,16.573776245117188,16.910937213804328,16.48122230973853,16.82499366152948,33085526,16.736245416223074
2022-06-09,16.289505004882812,16.606833441922408,16.21017325278652,16.567168280201482,43419279,16.721598189621755
2022-06-10,15.932509422302246,16.223393429539147,15.773845937865486,16.223393429539147,40198953,16.69572642675882
2022-06-13,15.740785598754883,15.952337808174237,15.489568242978077,15.866394276643286,38005578,16.66441689141443
2022-06-14,15.635009765625,15.826727959023577,15.509401097032308,15.74739624352576,22637566,16.630665838109856
2022-06-15,15.70112419128418,15.965563801702064,15.608570256205208,15.813510704264582,48238381,16.600189062804095
2022-06-17,15.502791404724121,15.588733512978953,15.152408303820957,15.430070060313131,51504593,16.564208811719503
2022-06-20,16.1771183013916,16.20356269469116,15.588738408075661,15.588738408075661,50406830,16.551517319577606
2022-06-21,16.00522804260254,16.296110571411948,15.925894885304688,16.236612846419575,37577078,16.533606195742358
2022-06-22,15.886234283447266,16.077952563503217,15.747403361410548,16.044897786159392,41717966,16.51238088714252
2022-06-23,15.522623062133789,15.952337863984152,15.443291340487455,15.906060907302633,30701240,16.479929810912726
2022-06-24,15.496184349060059,15.687904056125449,15.403631830484116,15.661459663015517,30073785,16.447675861343786
2022-06-27,15.588728904724121,15.648228039048488,15.489564633285877,15.55567414757804,26288885,16.41951366604478
2022-06-28,15.416847229003906,15.760619933740605,15.218517207062634,15.687898592342892,39383080,16.3866393566336
2022-06-29,15.258188247680664,15.654848407631754,15.205300893059206,15.516017494514305,34774375,16.34964095961875
2022-06-30,14.987135887145996,15.125966791760792,14.894581950736132,15.08630163538756,41362317,16.304968662160626
2022-07-01,15.117899894714355,15.197293425051955,14.714313851700519,14.767243825103568,39467601,16.26604837470337
2022-07-04,14.972343444824219,15.08481892002069,14.892949916887666,14.998808430725381,9918395,16.223631819625364
2022-07-05,15.07821273803711,15.07821273803711,14.694475887205515,14.886345027505289,32430425,16.186077095638865
2022-07-06,14.939262390136719,15.131131386370408,14.787092301094189,14.959111843732298,31863245,16.145197924966663
2022-07-07,15.15097713470459,15.25021866871008,15.03188615008467,15.078199151907231,45776032,16.11260052200725
2022-07-08,15.157593727111816,15.389158730606908,15.071583255913655,15.36931071024065,25028649,16.081288823813956
2022-07-11,14.912802696228027,15.025276766735331,14.773862204151548,14.945883221096809,18746051,16.042977803237367
2022-07-12,14.879720687866211,15.025276712483992,14.628307555957448,14.90618567957258,22335508,16.004838225684214
2022-07-13,14.820175170898438,15.045124740860304,14.747398588359307,14.806944104812954,38407906,15.965996814051893
2022-07-14,14.654770851135254,14.754012413894438,14.317347250126696,14.701083866376289,54813633,15.923005798874298
2022-07-15,14.919415473937988,15.01865703021614,14.568759401507949,14.687850412855319,35260546,15.890101198056714
2022-07-18,15.117899894714355,15.217142879961585,14.87310234214269,15.00542584588334,23331189,15.864783122537292
2022-07-19,15.627347946166992,15.726589532899151,15.104672157935797,15.104672157935797,39625655,15.856998362656297
2022-07-20,15.428862571716309,15.653812158739386,15.3759340140583,15.547953613656018,33584725,15.842961123609083
2022-07-21,15.55456829071045,15.633963267476721,15.184064118203617,15.402396729892676,24553356,15.833505620891094
2022-07-22,15.389163970947266,15.680274564437157,15.276688481116025,15.61411209107551,25588351,15.81893704220441
2022-07-25,15.614117622375488,15.719976187487394,15.342856389683378,15.481795488311324,36454048,15.812221651390347
2022-07-26,15.528103828430176,15.812597474505239,15.428860828106712,15.633962361550513,24585080,15.802906312932636
2022-07-27,15.581038475036621,15.746442587099734,15.481796865659405,15.627351512032872,27262812,15.795631957591782
2022-07-28,15.680272102355957,15.700120126364402,15.409009578584035,15.581029122779958,26772676,15.79184966725618
2022-07-29,15.627347946166992,15.865530041952054,15.528106359434831,15.706741501506205,33518445,15.786456168204076
2022-08-01,15.539714813232422,15.791315927444202,15.387429476471727,15.791315927444202,28369526,15.778366287713201
2022-08-02,15.705242156982422,15.784695063173768,15.48012439707673,15.64565211962985,24247559,15.775968775230224
2022-08-03,15.817801475524902,15.850906736283513,15.58606321937828,15.692000912307643,22712684,15.77734033917431
2022-08-04,16.20182228088379,16.268032790979156,15.870766868734739,15.92373642147992,38418670,15.791257779886097
2022-08-05,16.506399154663086,16.638820224897625,16.042921116332256,16.215069366139144,64015406,15.814705038075505
2022-08-08,16.711639404296875,16.744744645572542,16.407068895223908,16.60570177371343,46382867,15.84411272221391
2022-08-09,17.14864158630371,17.400242700777248,16.744753704074764,17.241336884355675,117640069,15.88688416038079
2022-08-10,17.466447830200195,17.545902144733123,17.148636295411873,17.320784448561522,55029810,15.938673133161753
2022-08-11,17.492944717407227,17.73130353358691,17.433354655653098,17.631987717887917,45877889,15.989632857235375
2022-08-12,17.704809188842773,17.73791444020083,17.459828611790016,17.605492003932653,43155063,16.045868146796273
2022-08-15,17.857107162475586,17.949802504395958,17.43997812383391,17.43997812383391,41430750,16.10525303255625
2022-08-16,18.062345504760742,18.10869313666593,17.631974432664585,17.837227822291638,29105976,16.169419998858036
2022-08-17,18.10870361328125,18.19477844983255,17.87696531968535,17.929934890128177,28593294,16.233003068183386
2022-08-18,18.05573844909668,18.221264806916285,17.949800721590037,18.1285709050394,37051026,16.292764883951033
2022-08-19,17.83910369873047,18.013210202633015,17.65830290582537,17.94624560609321,26106699,16.34346451722249
2022-08-22,17.638206481933594,17.70516960187956,17.46410005471358,17.678383775061047,24991487,16.385915073442526
2022-08-23,17.685089111328125,17.778838108998887,17.59803729754876,17.64491179638414,16685011,16.428510943537134
2022-08-24,17.75875473022461,17.845808016981213,17.64491704124419,17.64491704124419,22899063,16.47212549392033
2022-08-25,17.97972869873047,17.993120170990224,17.76544488316099,17.819015113502882,31242248,16.521555107192793
2022-08-26,17.87259292602539,18.173928650226816,17.78553964384868,18.013216456932916,28445551,16.56585142912173
2022-08-29,17.812320709228516,17.932854098285485,17.62482271836094,17.77214194814215,21271281,16.60671927437113
2022-08-30,17.73196792602539,18.013216434593094,17.67170193894101,17.885984380699973,34434249,16.643612672786023
2022-08-31,17.283313751220703,17.85250508661965,17.283313751220703,17.85250508661965,56502823,16.66458647863634
2022-09-01,17.549772262573242,17.563174349014623,17.11421096963988,17.462659424749987,54988228,16.693608963355583
2022-09-02,17.791004180908203,17.931725354267112,17.643584136952768,17.65698622241987,52927981,16.72958913442288
2022-09-05,18.079151153564453,18.246675103096024,17.82451579290257,17.851318524277843,28039710,16.773837069476702
2022-09-06,17.911623001098633,18.105949620696414,17.79100423155135,17.891519148795073,60187679,16.81114152625119
2022-09-08,17.784299850463867,18.09254340240006,17.750795368399675,18.02553443827168,32229771,16.843048356553247
2022-09-09,17.925024032592773,18.1193521045542,17.837912647030524,17.891519542138724,27710574,16.87852296888241
2022-09-12,18.146154403686523,18.306976520507583,18.005433241354048,18.092546066018677,30293474,16.92008465526943
2022-09-13,17.958526611328125,18.206461552004615,17.891517637553257,18.012134948821007,36812756,16.954131932517257
2022-09-14,17.89151954650879,18.018838637593216,17.737397731909407,17.91832371811513,32836152,16.984865952648125
2022-09-15,17.938432693481445,18.166265339405882,17.83121741587535,17.844619506587602,24907645,17.016130435954135
2022-09-16,17.878110885620117,18.00542848178919,17.730690892185102,17.824504010213982,49605006,17.044392090041544
2022-09-19,18.548208236694336,18.628620736870673,17.811105236473594,17.831207637472115,46524605,17.09369753747278
2022-09-20,19.164695739746094,19.204901990583043,18.608518682427466,18.64202171932153,71309887,17.161599117875184
2022-09-21,18.96367073059082,19.218307468009527,18.88325966280806,19.164699124093417,54495600,17.220683433046187
2022-09-22,19.34562110900879,19.432732477707262,18.970367123530764,19.15799484031533,49376706,17.290353520782666
2022-09-23,18.96367073059082,19.13119463319155,18.749240251109196,19.03067971239455,38830402,17.34521638012064
2022-09-26,18.554914474487305,18.88326052769234,18.52140998205088,18.849756035255915,16535115,17.384878612722826
2022-09-27,18.44770050048828,18.541513665008583,18.373989743196162,18.461102588004263,43896612,17.419725231993823
2022-09-28,18.44099998474121,18.762645762688297,18.300281676498223,18.481206250018975,47539207,17.453209650116687
2022-09-29,18.715740203857422,18.83635755821526,18.333785731088188,18.400796176893515,58853685,17.49460409450163
2022-09-30,18.80284881591797,18.856455712372437,18.568315928758256,18.635324911349194,38351030,17.53749736405626
2022-10-03,19.947851181030273,19.967966234061493,19.10970610036501,19.30415499400602,80831732,17.61652535805541
2022-10-04,19.981380462646484,20.25629251746429,19.71317439275263,20.095367716325743,49601833,17.69406159099282
2022-10-05,19.981380462646484,20.16912485647246,19.887508265733498,20.02831656110298,34375446,17.769055652358514
2022-10-06,19.619298934936523,20.075250805550642,19.53883871530218,20.04842976633742,55358719,17.829719366541397
2022-10-07,19.659536361694336,19.659536361694336,19.210290341294826,19.57907466904129,63511108,17.889713366382477
2022-10-10,19.45167350769043,19.807047250431427,19.3041592224759,19.76681568655396,54805929,17.94092517429421
2022-10-11,19.31756591796875,19.54554183678526,19.25721930860548,19.377912527332022,36485999,17.9860609363819
2022-10-13,19.203575134277344,19.424845028384038,19.00912482348502,19.109702970171337,42127432,18.025979434673552
2022-10-14,19.210281372070312,19.5589504761117,19.082883630767704,19.277333958810434,45494368,18.064809006391478
2022-10-17,19.364501953125,19.51201620870135,19.243808734744817,19.404733508919247,23093825,18.107421889890936
2022-10-18,19.840576171875,19.840576171875,19.4784978319867,19.64612575387743,52346412,18.16424662044779
2022-10-19,19.84728240966797,19.954565158271894,19.652833424013064,19.820462809269397,32142870,18.2194281217337
2022-10-20,20.155717849731445,20.28311709547038,19.860690686710047,19.98138394635586,77600529,18.28291303084838
2022-10-21,20.826229095458984,20.9737433676819,19.994789889575298,20.068547025686758,55808067,18.366300442802824
2022-10-24,19.880800247192383,20.712240862518474,19.739991966226253,20.658600233627748,57756261,18.415956174094283
2022-10-25,19.719881057739258,19.96126756100708,19.719881057739258,19.880804427249174,29513856,18.458707809623625
2022-10-26,19.297447204589844,19.666231325643416,19.230396073126386,19.444959983609905,55085780,18.486207461917598
2022-10-27,19.6528263092041,19.867391728733963,19.38462025929312,19.518722559747268,44860228,18.524457260189287
2022-10-28,19.80704689025879,19.880802582522037,19.512019774197363,19.585776915463423,32422834,18.566509379207957
2022-10-31,20.383691787719727,20.497679049763235,19.41144272063319,19.444968300704637,94899400,18.626089130306703
2022-11-01,20.435787200927734,20.992639203187995,20.180843609456627,20.798077293874716,47491734,18.685423493277884
2022-11-03,20.288192749023438,20.355282876119375,19.785012446268937,20.127174414210202,36849352,18.737973304941672
2022-11-04,20.36198616027832,20.751111381056727,20.294896054923445,20.5900930984227,35511052,18.791219628067463
2022-11-07,19.89905548095703,20.34185382411416,19.72462038510173,20.174125707167427,52676342,18.827542115047446
2022-11-08,19.838680267333984,19.899061945099472,19.590445125340132,19.7581718469282,31659758,18.860694185614218
2022-11-09,18.886001586914062,19.503234003807513,18.684729736883877,19.22816358698086,147203325,18.86152393647651
2022-11-10,18.53042221069336,18.7518208220099,18.087623538215077,18.35598553526074,99105549,18.850668142188535
2022-11-11,17.933303833007812,18.919534235961503,17.852793985961483,18.78535260739513,111377525,18.82059062385474
2022-11-14,17.879638671875,18.315727349245375,17.7119119229222,18.148000600292576,59148831,18.789739740183276
2022-11-16,17.624692916870117,17.906473124963636,17.450256307231093,17.879636500427683,50719991,18.751541483681205
2022-11-17,17.732036590576172,17.738745021267793,17.309364861356887,17.376456417495806,77606874,18.718115093743336
2022-11-18,17.872926712036133,18.21509005203186,17.70520143242848,17.906473217802326,56028889,18.690403999261132
2022-11-21,17.926599502563477,18.208379704905894,17.685072786358763,18.114452970791756,43986685,18.6653612288776
2022-11-22,17.631397247314453,18.08090407944293,17.503925485183462,17.98026748576183,64036253,18.631460770465694
2022-11-23,17.450246810913086,17.59113683828835,17.342901821030427,17.503920030776346,55607979,18.592732443922984
2022-11-24,18.074195861816406,18.208377515780715,17.517345404998988,17.577727076790705,30856235,18.57573124450965
2022-11-25,17.436832427978516,17.993684235170143,17.369742337902863,17.966847619202206,46086134,18.538390299705352
2022-11-28,17.121509552001953,17.584434714990262,17.10138281225945,17.5106347361419,45835061,18.491935193223274
2022-11-29,17.269115447998047,17.51735063961187,16.71897180720801,17.134933753936966,77138265,18.45184274256015
2022-11-30,17.443546295166016,17.47038291726985,17.06112950464223,17.309364634491377,60017162,18.41878384264559
2022-12-01,17.441974639892578,17.522537775148653,17.180143362187884,17.19357079320222,50130944,18.386757311407784
2022-12-02,17.676944732666016,17.8917806503904,17.17342422929838,17.50239109357598,63158518,18.36348476784248
2022-12-05,17.159996032714844,17.549385572048212,17.07943292989231,17.549385572048212,37424462,18.324026120789114
2022-12-06,17.55609703063965,17.55609703063965,17.159994538409535,17.267412483095328,53504452,18.298848117833394
2022-12-07,17.428543090820312,17.676946878817226,17.38154781878926,17.60309675110284,25238368,18.270313526783784
2022-12-08,16.817604064941406,17.354692457998734,16.716900535304237,17.321124614786346,69736150,18.222683708362723
2022-12-09,16.657514572143555,16.992992453704417,16.609589160492003,16.897141630401315,22514069,18.171366687503077
2022-12-12,16.500049591064453,16.773908948545436,16.219342898908018,16.65067171983821,101446780,18.11656940565263
2022-12-13,15.877013206481934,16.657512900711744,15.829086320094724,16.60274016172324,63557901,18.04314133354867
2022-12-14,15.94548225402832,16.137183936741998,15.486767090522026,15.685316107358318,76898069,17.974365626023413
2022-12-15,16.034488677978516,16.376812507987577,15.644237943450374,15.77432102844472,55898707,17.910763103136695
2022-12-16,16.212495803833008,16.32888568896319,16.013946786151546,16.10295177330961,64978909,17.855082208077558
2022-12-19,16.698593139648438,16.760211739224378,16.191954115608535,16.287804941716725,54924554,17.817164533702833
2022-12-20,16.876611709594727,17.239476191268867,16.630138643268996,16.698603137324096,44636914,17.786326736191093
2022-12-21,16.945070266723633,17.116232906493007,16.725982206182433,16.938224412132648,69855681,17.75874455686429
2022-12-22,16.97930145263672,17.18469631179615,16.753367551424812,16.97245559846752,25305328,17.73318904525027
2022-12-23,17.246313095092773,17.465401118984605,17.02722507120094,17.136769083146856,28695830,17.717225899343468
2022-12-26,16.90398597717285,17.239463828835262,16.80813516241216,17.08199442179348,17822996,17.690562295337873
2022-12-27,16.808141708374023,16.931378940931182,16.61644000419406,16.88345351488619,19491678,17.66163047281447
2022-12-28,17.150463104248047,17.253159788201394,16.787598824432248,16.945068256796553,25715021,17.644870886959833
2022-12-29,17.116235733032227,17.44486787811365,17.088849351055803,17.280551065800328,28098060,17.627538586831058
2023-01-02,16.778905868530273,16.806311593884274,16.470596640363627,16.737798761089515,26445013,17.599714563280212
2023-01-03,16.429489135742188,16.88852688107817,16.32671840844428,16.778905462902497,33847015,17.561346516475687
2023-01-04,16.477445602416992,16.799457630537113,16.360973513235024,16.48429629212595,33855739,17.525808781588516
2023-01-05,16.99129867553711,17.066663682876946,16.456895894030815,16.51170586626596,41153732,17.508283860078635
2023-01-06,17.28590965270996,17.340719634837058,16.991301742078946,17.080369628699863,42632750,17.500992902459988
2023-01-09,17.409229278564453,17.58051284714744,17.052960758831304,17.128325765902265,29083430,17.497984259053577
2023-01-10,17.74494171142578,17.813454531128674,17.07351045209559,17.21738826182564,35564190,17.506081224705124
2023-01-11,18.053255081176758,18.142321471395835,17.64902579746071,17.731242976941815,38743614,17.524021351146818
2023-01-12,17.799755096435547,18.025848629436254,17.40237800062603,17.470890833513458,57811778,17.53306180181202
2023-01-13,17.710689544677734,17.738095273651783,17.224245998635734,17.5462581320143,23525385,17.53888566223385
2023-01-16,17.518850326538086,17.71068744543719,17.32701320763898,17.642174611713298,27737426,17.53822876598153
2023-01-17,17.88197135925293,17.91622777678329,17.464040696438044,17.580512812159334,36595560,17.549499014941247
2023-01-18,18.2039852142334,18.25194301502261,17.950485944000157,18.06695806146748,45007971,17.570957578852465
2023-01-19,18.2039852142334,18.265647358948545,17.840864517905484,17.971039498708436,40213569,17.591712583291184
2023-01-20,17.88197135925293,18.279348467667653,17.834012078592362,18.26564708512774,37996401,17.601229264470255
2023-01-23,17.333866119384766,17.929931055528467,17.265351802145595,17.84086466400303,52002547,17.592463259713355
2023-01-24,17.49144744873047,17.834014634306467,17.36127245122417,17.46404319913317,34378279,17.589151265910637
2023-01-25,17.553104400634766,17.642170768957648,17.142024526650864,17.491440790888248,43609396,17.587969401475362
2023-01-26,17.450336456298828,17.635322873073825,17.29275576362165,17.573660734148824,33862197,17.583456845895803
2023-01-27,17.080364227294922,17.44348487090108,17.004999230186453,17.409226977240795,34365362,17.566962005941676
2023-01-30,17.087215423583984,17.1694325940948,16.80631045914738,17.12147183766842,39913324,17.5512326097988
2023-01-31,17.35442543029785,17.53255975302183,17.18999397556661,17.203695362968535,32928039,17.544779915388933
2023-02-01,17.126556396484375,17.483073331165023,16.989433700733464,17.27053456029264,31850216,17.531067668867472
2023-02-02,17.28424644470215,17.805310894530308,16.934584988868107,17.003145593816704,52480220,17.52297516971451
2023-02-03,17.222545623779297,17.387091709542236,17.02371922695099,17.0717119587671,41535326,17.513125020667452
2023-02-06,17.229400634765625,17.304818206075904,16.948299720914644,17.304818206075904,31860299,17.503822581785425
2023-02-07,16.831745147705078,17.332241788135175,16.632918770608022,17.27739211057541,34547549,17.481787256077872
2023-02-08,18.223527908325195,18.244095787789,17.359659191379,17.448787656803617,120349072,17.506106621725326
2023-02-09,17.771032333374023,18.422362643378325,17.68190382710109,18.27152898881181,40856546,17.51479271063184
2023-02-10,17.68875503540039,17.812165302261036,17.489928700233826,17.6339068510304,59102038,17.520496393411136
2023-02-13,18.312660217285156,18.394934715652887,17.675043967104134,17.675043967104134,49663922,17.546468977800448
2023-02-14,18.086408615112305,18.429214571851787,18.038415899698578,18.340084608245228,39640950,17.564171916728704
2023-02-15,18.353805541992188,18.559488915165467,17.908158480387282,18.017856378187908,41791724,17.590061543786522
2023-02-16,18.490921020507812,18.57319404113161,18.1138347375576,18.230388059972764,34692120,17.619597920072465
2023-02-17,18.429216384887695,18.61433179753306,18.305806109790787,18.484064572918196,21326685,17.646142787771325
2023-02-22,18.086408615112305,18.175538578718864,18.004135600349123,18.03156043247768,20794515,17.660577732930044
2023-02-23,18.15497398376465,18.552629709239454,18.072700947385435,18.106981255741534,43189053,17.67678744607216
2023-02-24,17.59963035583496,18.03842037053384,17.51735732068035,17.99728311214511,35419959,17.674257705408646
2023-02-27,17.373376846313477,17.688758034372977,17.332241071467408,17.681902565772894,20098513,17.664392759208805
2023-02-28,17.43507194519043,17.709315718778704,17.263669031089535,17.414504069617337,29465137,17.65687404399509
2023-03-01,17.15217399597168,17.392304274754196,16.73365995353493,17.371722103044767,49786059,17.64032650143694
2023-03-02,16.589582443237305,17.28938959039358,16.49352885385322,17.083564918239883,52237191,17.605875876577937
2023-03-03,16.61016845703125,16.870880954868554,16.5278367899386,16.699358872403575,29015336,17.573229731674765
2023-03-06,16.98750877380371,17.17961295837456,16.5415524192426,16.767962193330927,35169906,17.554025765842926
2023-03-07,17.035537719726562,17.069840346794635,16.671910005273762,17.049258177493158,31883639,17.537026157773536
2023-03-08,17.248228073120117,17.378584313221694,16.98751411026504,17.14531423754124,40035234,17.527557368112767
2023-03-09,16.91890525817871,17.207061615051355,16.884601141786998,17.15217532535499,47884998,17.50760156122968
2023-03-10,16.51410675048828,16.884593106928353,16.390610804124538,16.843427297256714,37246581,17.475027960877505
2023-03-13,16.31515121459961,16.51411719655917,16.10246477005507,16.308289500655015,38429660,17.436999215097902
2023-03-14,16.26025390625,16.431775881595378,16.102453866850386,16.164201837280764,43849139,17.398417401693052
2023-03-15,16.219091415405273,16.301421565266217,15.793717244697087,16.03384746622959,57389962,17.359750975913126
2023-03-16,16.486677169799805,16.569007377864597,16.1367726735351,16.232824830052767,45421743,17.331125605220887
2023-03-17,16.013267517089844,16.41119786540292,15.985825118436658,16.397475924750523,68565874,17.28791714331495
2023-03-20,16.054433822631836,16.370034019188516,15.903493953560533,16.054433822631836,36932854,17.24747506722698
2023-03-21,16.383760452270508,16.569003000817503,16.12304646584383,16.12304646584383,43704795,17.219156555261193
2023-03-22,16.28770637512207,16.637610768998158,16.246542024461366,16.431786050390595,41241539,17.188617205092697
2023-03-23,15.882913589477539,16.63760857270229,15.704529817989156,16.29456593765534,59823759,17.145807250482363
2023-03-24,16.113296508789062,16.252085146537805,15.780204677966065,16.071659467577447,34011300,17.111954439279305
2023-03-27,16.390872955322266,16.501903570139596,16.22432778290796,16.30760036911511,44616067,17.08831242341186
2023-03-28,16.46721649169922,16.599064955887858,16.307609982536892,16.404761640320547,32135279,17.0679486223721
2023-03-29,16.626819610595703,16.71009222891294,16.36312123636318,16.481092153634552,25802715,17.05348537608435
2023-03-30,17.084815979003906,17.20972562863988,16.807240146186775,16.876633729485153,43270629,17.054512608966956
2023-03-31,17.168094635009766,17.410973740639054,16.994607631472256,17.168094635009766,65512439,17.058236609820817
2023-04-03,16.687305450439453,17.152577933720355,16.534528694403328,17.138689001290253,38304803,17.04607493246405
2023-04-04,17.02062225341797,17.15950846965276,16.749792030788708,16.763680952550963,25918394,17.045240418396965
2023-04-05,17.006738662719727,17.228958498795716,16.791465541356224,17.06229437208596,36165246,17.04397806575181
2023-04-06,16.951187133789062,17.131741717077954,16.82618826864897,17.05535335497071,24650907,17.040935740113685
2023-04-10,17.131732940673828,17.1872871296681,17.02062306199134,17.11089880669378,16023452,17.0439126975091
2023-04-11,17.68728256225586,17.79144874025613,17.367841817406354,17.499784342271823,54871529,17.065006791435223
2023-04-12,17.805339813232422,18.069226417751175,17.61784155481339,17.805339813232422,47390217,17.08928000526464
2023-04-13,17.805339813232422,17.99283807165145,17.67339726132024,17.888671872298303,40614537,17.112757376017683
2023-04-14,18.06228256225586,18.145616128282274,17.666454876755672,17.7428432285993,38988116,17.143889349336966
2023-04-17,18.027557373046875,18.221999320004084,17.860893275853325,18.090056784668008,24167003,17.172862071425815
2023-04-18,18.013669967651367,18.221999339013532,17.833115444693423,18.062278953747175,27411575,17.20042954343321
2023-04-19,17.728952407836914,17.95117224426659,17.70117605380406,17.881729108142743,31036155,17.21775816193825
2023-04-20,17.77756118774414,17.833116891837722,17.506732382718084,17.63173121623431,24745399,17.236112359505654
2023-04-24,17.617835998535156,17.902556653546544,17.485893488234744,17.77061264255221,28674303,17.248627888654163
2023-04-25,17.77756118774414,17.86089474388451,17.49978716935922,17.49978716935922,25980256,17.265969964034163
2023-04-26,17.597003936767578,17.819223698536934,17.569227592066888,17.72894645135127,19299068,17.27682353691067
2023-04-27,17.90949821472168,17.91644192466452,17.590057543476156,17.590057543476156,23660439,17.297566968970045
2023-04-28,17.999780654907227,18.00672586813188,17.715062929359576,18.00672586813188,23245081,17.32059036850897
2023-05-02,17.30324363708496,18.046796384408353,17.27544685165683,17.88001717355679,49467233,17.32002162321638
2023-05-03,17.275440216064453,17.463064691343703,17.150356231400533,17.337980706679787,26517638,17.318559937735987
2023-05-04,17.4144287109375,17.567308022387692,17.039176625008825,17.365783587161125,45003213,17.32170317620161
2023-05-05,18.06068992614746,18.06068992614746,17.38662926739531,17.615948950358256,49402765,17.345932249970325
2023-05-08,18.310855865478516,18.46373663790133,17.93560538127569,18.380346306552475,59838715,17.37756908982305
2023-05-09,18.42204475402832,18.616619225071343,18.2274702829853,18.26221550971198,43258053,17.411814193567487
2023-05-10,18.693063735961914,18.79035099287927,18.269167972207132,18.387303571119173,35088896,17.453822375285338
2023-05-11,18.87373161315918,18.99881560363113,18.491531198591197,18.59576835789005,35897745,17.5003767765271
2023-05-12,18.70000457763672,18.79729179499142,18.533226919804868,18.63051413715957,20136809,17.539708835579876
2023-05-15,18.769495010375977,18.832037007466322,18.561022187313736,18.727801346793573,20327832,17.580029693769912
2023-05-16,18.706953048706055,18.98491629042936,18.644411056517903,18.783391926521244,29875057,17.61697800048913
2023-05-17,18.894582748413086,19.054411994487303,18.72780505760392,18.832040738930388,27183049,17.658866680748933
2023-05-18,18.825088500976562,18.859833721084293,18.595768846892167,18.832036944311415,26807799,17.697103461740003
2023-05-19,18.67220687866211,18.76254564819456,18.46373556752569,18.700003654166967,55195001,17.729074065573514
2023-05-22,18.317808151245117,18.859837910125137,18.276114478541775,18.672211877808884,29853077,17.74837682248078
2023-05-23,18.463741302490234,18.741704638726112,18.248318477990797,18.40814773421278,31465336,17.771831395595843
2023-05-24,18.3595027923584,18.55407726390085,18.241367219124033,18.345604401288647,32566612,17.791099310243794
2023-05-25,18.9362735748291,19.012712456233846,18.540174772942272,18.67220720633232,51557618,17.82864600744331
2023-05-26,18.790342330932617,19.290676778966574,18.61661473745995,19.040508804091267,33629706,17.86017703444296
2023-05-29,18.706953048706055,18.797290313864902,18.55407228964243,18.73474832167675,11247177,17.887940182451583
2023-05-30,18.44288444519043,18.894575221092246,18.213564836256126,18.81813635259177,48896654,17.906135076311873
2023-05-31,18.296955108642578,18.456784303798493,18.206617847282644,18.408140700999585,38429660,17.9189488478637
2023-06-01,18.566524505615234,18.71255325886488,18.295327820230327,18.406588037381173,28928095,17.940180836642437
2023-06-02,18.837718963623047,18.928118348970656,18.677782514299917,18.77513500495536,28470477,17.96960831621557
2023-06-05,18.879440307617188,18.969838181640835,18.656919920795023,18.879440307617188,27870213,17.999438873310705
2023-06-06,19.011564254760742,19.088055931308727,18.879443224275192,19.004609646315807,29698762,18.03262331204677
2023-06-07,19.06719207763672,19.20626770539968,18.900302526500578,19.122822929831607,31760369,18.06654359944316
2023-06-09,19.331432342529297,19.331432342529297,19.004604898107566,19.17149592367211,33168008,18.10801536151156
2023-06-12,19.122827529907227,19.49832986165432,19.0671966643301,19.421838172848087,33613277,18.14128789162289
2023-06-13,19.338390350341797,19.40097431295804,19.15063996521745,19.220177033580217,37732299,18.180537152564494
2023-06-14,19.602632522583008,19.623493341065146,19.31057505293595,19.44964917978258,56524690,18.22716323027002
2023-06-15,19.859914779663086,19.887730198869733,19.526134257354997,19.54004346968221,30322705,18.280696067955038
2023-06-16,19.922500610351562,20.054621610023577,19.644350900085627,19.811241928424415,47145602,18.33452572508279
2023-06-19,20.193696975708008,20.23542010797616,19.846008714978762,19.873824136490864,18433003,18.395482159529518
2023-06-20,20.184085845947266,20.21917615964527,19.903361819731277,20.21917615964527,28148931,18.454124903346493
2023-06-21,20.380592346191406,20.471828373008805,20.13495863933525,20.170048952224423,29839027,18.517287770325012
2023-06-22,20.184085845947266,20.352519958350467,20.043723074523292,20.26128544606205,27091956,18.57193688755853
2023-06-23,20.120920181274414,20.247246508238568,19.98757639909304,20.247246508238568,18796809,18.62272322505741
2023-06-26,20.09284782409668,20.31041017405629,19.95248658322654,20.09284782409668,15397130,18.670924031583287
2023-06-27,19.86827278137207,20.233215431704853,19.636675465114678,20.198125113075815,29488704,18.710181367641933
2023-06-28,19.755979537963867,19.910377205506972,19.650707091184284,19.86125046811165,21198769,18.74446983224265
2023-06-29,19.994598388671875,20.036706159593955,19.798089896718164,19.81212632590286,70141424,18.78545765376492
2023-06-30,19.94546890258789,20.29637351743221,19.896340648879985,20.19110107133666,31561301,18.823490809464033
2023-07-03,20.337080001831055,20.372193643904264,19.915732990273643,20.042136334953543,19990991,18.873116684623607
2023-07-04,20.21067237854004,20.37921114748325,20.175560261474732,20.273874796287323,9245166,18.916970969670047
2023-07-05,20.38623809814453,20.50562114732241,20.12640806290814,20.168542006968224,19998696,18.965143662406913
2023-07-06,20.08426284790039,20.301960350932564,20.08426284790039,20.24577976270208,32074550,19.001836094718172
2023-07-07,20.463483810424805,20.688201682494757,20.11938139139618,20.20365078311922,31476099,19.04975897064298
2023-07-10,20.33005714416504,20.625002313531997,20.25983289875958,20.625002313531997,15000240,19.091735959938784
2023-07-11,19.971904754638672,20.266848313247845,19.733141788664057,20.231736201638288,31780310,19.12059395320763
2023-07-12,19.852527618408203,20.11938093912825,19.80337034787691,20.014044581235943,20884135,19.144591778296174
2023-07-13,20.070220947265625,20.217692738863732,19.775277364069414,19.81741281205782,24777803,19.174940275639436
2023-07-14,19.859548568725586,20.217694598051864,19.7752791825737,20.11938006127894,27914740,19.197386449183245
2023-07-17,20.245786666870117,20.245786666870117,19.77528090907196,19.82443818175014,18054808,19.231760226812323
2023-07-18,19.852527618408203,20.32303335565756,19.78230337981333,20.24578578265855,44289196,19.252113256044975
2023-07-19,19.641845703125,19.950834356701183,19.58566512016179,19.85251985408939,44539023,19.264891369063992
2023-07-20,20.007022857666016,20.007022857666016,19.452246210427504,19.740168018127648,42807912,19.289223549018157
2023-07-21,20.365158081054688,20.365158081054688,19.9648782810127,20.01403552931121,36214305,19.32450009105214
2023-07-24,20.042133331298828,20.54072937014941,19.901684854353167,20.36516725639292,37238424,19.348029049748753
2023-07-25,20.08426284790039,20.33004912747384,19.887633824241632,20.33004912747384,39541700,19.372167862802904
2023-07-26,20.19662857055664,20.224718873105623,19.894663129665567,20.077247061085103,38028465,19.39919936141778
2023-07-27,19.7471866607666,20.168535061719883,19.72611969599119,20.168535061719883,22188332,19.41060878106856
2023-07-28,20.042133331298828,20.070223633717728,19.705055772569704,19.79634849664392,18444673,19.43131450402693
2023-07-31,20.112354278564453,20.280893017632092,20.00701794604069,20.217690611088216,17263407,19.453643676962585
2023-08-01,20.173940658569336,20.18799446494043,19.87178761786481,19.906922893047348,16807601,19.477259971441494
2023-08-02,20.11070442199707,20.202053427469334,19.892872645412435,20.159891997595214,20784091,19.498028641951514
2023-08-03,19.956113815307617,20.46907103993771,19.87179247498061,20.2652930755133,24826182,19.513047827963188
2023-08-04,19.590728759765625,20.054497078435425,19.46424593885183,19.906935812050115,50087777,19.515594743759987
2023-08-07,19.43613052368164,19.871792555395814,19.408024422465548,19.625854679067647,37391152,19.512989359495123
2023-08-08,19.39396858215332,19.682067857908077,19.049655591341693,19.22532439996306,50438327,19.509087038926538
2023-08-09,19.323705673217773,19.39397321344625,18.916151206574263,19.323705673217773,39723999,19.503008961362315
2023-08-10,19.386947631835938,19.632887086087138,19.337760044687766,19.42910907161023,34693139,19.499203671869648
2023-08-11,19.422080993652344,19.534509970031174,19.295598205412386,19.415053328466684,22008185,19.49667505946908
2023-08-14,19.141008377075195,19.408027773557883,19.091820793316575,19.30965260604064,28513531,19.48501385676764
2023-08-15,19.035598754882812,19.225321341715937,18.881008405675516,19.183161441757278,28083444,19.470278935394365
2023-08-16,19.02154541015625,19.3377507415551,18.965331702677865,19.00749160365925,38445182,19.455566360796393
2023-08-17,18.79669952392578,19.21128176505143,18.789673375453738,19.197227949596762,43034739,19.433964169423586
2023-08-18,18.944252014160156,19.09884238164678,18.649126605514525,18.761555549547587,23685478,19.41790803318544
2023-08-21,18.866958618164062,19.02857513261105,18.77560962529932,18.873984762918376,37088868,19.399844117938837
2023-08-22,19.162084579467773,19.218298294640533,18.92317287333645,18.972360443553796,24097210,19.39204872323487
2023-08-23,19.4010009765625,19.47829466380014,19.049660236625247,19.16208921266476,27395600,19.392342239737413
2023-08-24,19.17613983154297,19.393970082187522,19.070737019707906,19.393970082187522,21142233,19.385253636190054
2023-08-25,18.873991012573242,19.183170335825892,18.740482069954883,19.14803656340109,25293885,19.36849092721901
2023-08-28,19.5134334564209,19.66802237716424,18.775618073773067,18.88804707000026,38836520,19.3732431412912
2023-08-29,19.822607040405273,20.08962641853581,19.597749096245916,19.675044299271345,40091091,19.387976383885103
2023-08-30,19.443157196044922,19.920979114463844,19.379915814142286,19.892871496171583,19884943,19.38978559084116
2023-08-31,19.274517059326172,19.42208132714673,19.09884820432117,19.358839931940842,41890409,19.386006294725913
2023-09-01,19.441614151000977,19.631460463644956,19.21661145145723,19.308019272986783,33312919,19.387829503128373
2023-09-04,19.26583480834961,19.483806884823792,19.20958488120377,19.357242649385626,11195852,19.38382967707005
2023-09-05,18.97754669189453,19.31504920890265,18.94942097564797,19.265829965214994,23401321,19.370508923457738
2023-09-06,18.794736862182617,19.104113733510342,18.703329023275796,19.026770275422404,21773767,19.351631150956912
2023-09-08,18.82286262512207,19.061928248581587,18.654111314143655,18.738486969632863,25732129,19.33429447797872
2023-09-11,19.30098533630371,19.329109529370292,18.907231438497142,18.984574868789544,31296405,19.33320237497298
2023-09-12,19.413490295410156,19.47677088125268,19.20958112051406,19.322082472269194,18673652,19.335834765806986
2023-09-13,19.511924743652344,19.715833892159708,19.329110640516884,19.448642646511697,26195186,19.341608207703555
2023-09-14,19.434581756591797,19.6666151051274,19.315048228355984,19.547083096379147,34267698,19.344656520781857
2023-09-15,19.392393112182617,19.68770855821737,19.293954630171033,19.631458648276848,40731689,19.346221654926143
2023-09-18,19.343177795410156,19.547086989223544,19.23770710357899,19.44161629739238,16235663,19.346121856253486
2023-09-19,19.285879135131836,19.47050061633418,19.214871227248587,19.385290819972315,21474768,19.34414668506917
2023-09-20,19.612512588500977,19.76873024990835,19.33557967538261,19.36398344455101,27867381,19.3529455671489
2023-09-21,19.165163040161133,19.456296347571083,19.143859442794575,19.385288448374947,25385884,19.346788762985366
2023-09-22,19.11545753479004,19.32848277057645,19.0941554715643,19.257473335641198,18539052,19.33920413255273
2023-09-25,19.172260284423828,19.307175886068837,19.122554455685698,19.129654630715685,16063674,19.33373056376162
2023-09-26,18.888227462768555,19.172260554631016,18.874025577999017,19.150958494731423,27469811,19.319123904712665
2023-09-27,18.852720260620117,19.11545280308101,18.717804669403733,19.037343211241787,26052315,19.303831981955533
2023-09-28,19.349781036376953,19.442092516421667,18.78171334092749,18.83852087772712,32463735,19.305338508330006
2023-09-29,19.32138442993164,19.577015371267244,19.18646878178671,19.527309525397538,19969351,19.305864604120224
2023-10-02,19.142070770263672,19.319707246132914,19.01417392030277,19.284180258060143,14289396,19.300494314485583
2023-10-03,18.900484085083008,19.134963403106468,18.864955566302175,19.063909436555157,24198953,19.28737922499697
2023-10-04,19.333925247192383,19.4191903560924,18.91470448863983,18.971547382737867,26973104,19.288905324085345
2023-10-05,19.63945198059082,19.774455141019832,19.234440963798495,19.298390152529137,32443908,19.300398657085523
2023-10-06,19.824195861816406,20.101308537959934,19.34813081008378,19.46181810120691,50011299,19.317572335929157
2023-10-09,19.653661727905273,19.717610917226093,19.46892047848141,19.646556944871985,16544632,19.32859166025624
2023-10-10,19.632339477539062,19.930767907267636,19.532863334296202,19.696288646124444,27848800,19.338550605085185
2023-10-11,19.881038665771484,19.909460872323056,19.59682120677222,19.68208629092145,17994759,19.35633709887818
2023-10-13,19.67498207092285,19.95919953806781,19.603926552507463,19.852618563703025,25238141,19.36678447501079
2023-10-16,19.70340347290039,19.824195546010806,19.58971618358834,19.809984442908615,12962992,19.377821163466184
2023-10-17,19.412084579467773,19.64656400085287,19.326817939413328,19.611037001916444,30382867,19.37894455415476
2023-10-18,19.00706672668457,19.390761865425873,18.907590550456526,19.23444128249305,63292779,19.366751838499997
2023-10-19,19.227336883544922,19.46892101035082,18.88627504301823,18.957329017313455,26245718,19.362180856370323
2023-10-20,19.156278610229492,19.34812615575678,18.99995958222976,19.12785794591462,27017857,19.355429963054227
2023-10-23,19.177600860595703,19.40497544544374,19.056807248673334,19.113651662638098,18187709,19.349599500678536
2023-10-24,19.177600860595703,19.454713539910152,19.056807248673334,19.362342134970167,17958163,19.34396020100369
2023-10-25,19.21312141418457,19.77445136873183,19.163383336382978,19.220226195796943,28965258,19.339670404714536
2023-10-26,19.68918800354004,19.767346750011463,19.248650047087352,19.326808793558776,32592557,19.35112999811865
2023-10-27,19.397871017456055,19.824198021741424,19.31971070838575,19.781564707110626,34189408,19.352662490555943
2023-10-30,19.241544723510742,19.532866890036892,19.177595543284127,19.532866890036892,17119856,19.349019285079052
2023-10-31,19.05681037902832,19.312607212877047,18.94312460343529,19.24155321925496,28770042,19.339438665208537
2023-11-01,19.325321197509766,19.43908335188116,19.097796888766982,19.126237811488984,29703861,19.338975797415134
2023-11-03,19.858583450317383,19.98656608797859,19.588399247714285,19.730600812656174,40014727,19.35601211390373
2023-11-06,20.043445587158203,20.06477551208888,19.823030728979962,19.943902352276066,20420512,19.378550916305517
2023-11-07,20.605144500732422,20.7473460428201,19.872800720217636,20.04344472184615,68857281,19.41876709940148
2023-11-08,20.697580337524414,20.782901591276044,20.46294650557818,20.66202994317099,26848927,19.460695402290757
2023-11-09,20.78999900817871,20.925091033061406,20.462933135399954,20.704676273658674,29266749,19.504279127073968
2023-11-10,21.038856506347656,21.237939845692605,20.811332250948784,20.917983381376605,27757367,19.55459313950917
2023-11-13,20.89665412902832,20.989086340893284,20.740232158775665,20.960645423932323,17013694,19.598595139165536
2023-11-14,21.209503173828125,21.380145631266053,20.925098565926053,20.967758412027248,47389424,19.651411796039717
2023-11-16,21.55078887939453,21.72854232937538,21.166842595188452,21.330374048272333,46722314,19.713686454510366
2023-11-17,21.65032958984375,21.749871271504418,21.415695845431664,21.536567448443492,27884376,19.777182950750806
2023-11-20,21.863637924194336,21.920518238372786,21.508132503416302,21.671665519389897,26508121,19.845591310535838
2023-11-21,21.82808494567871,21.934736098302015,21.692992871082556,21.778314100484515,18805760,19.910591101851995
2023-11-22,21.96317481994629,22.20491955946371,21.87785359909203,21.970284281468963,44180768,19.97788892867476
2023-11-23,21.93473243713379,22.13381578468118,21.74276008715099,21.96317335435951,25892449,20.04204773223079
2023-11-24,21.813867568969727,21.96318012566371,21.614784160044415,21.849417958203986,23216076,20.10014018589436
2023-11-27,21.756982803344727,22.01294802998012,21.692993033202473,21.920515801135874,20472630,20.154462894663226
2023-11-28,21.97028923034668,22.076941932825687,21.67166565834908,21.74987589878134,23380701,20.213998184357763
2023-11-29,22.119598388671875,22.311572301751045,21.927626012109243,22.18359122954814,25551189,20.276476879581175
2023-11-30,22.460886001586914,22.510656847954134,22.20492230734834,22.254693153715557,48828674,20.348096850794477
2023-12-01,22.409412384033203,22.53746652926991,22.146190657657918,22.444982638293315,34579613,20.41568096663837
2023-12-04,22.437877655029297,22.587273701626412,22.27425319389303,22.281366632474626,14713024,20.481982497405284
2023-12-05,22.622840881347656,22.736666644748066,22.423646179740885,22.473444855142578,29425256,20.552174575567328
2023-12-06,22.423641204833984,22.765118419275105,22.281358647806332,22.70820631888929,26385417,20.613534137182626
2023-12-07,22.67262840270996,22.67262840270996,22.378643823926236,22.550731526393296,22783950,20.681045424576965
2023-12-08,22.959440231323242,23.031143177665836,22.5435603533824,22.60809362490269,20982366,20.755746893650613
2023-12-11,22.80168914794922,22.995288939229027,22.751496781639236,22.837542166338956,21996515,20.822826967562044
2023-12-12,22.686965942382812,22.902076328061042,22.50770857892585,22.85905518064332,16825276,20.883946278211905
2023-12-13,23.37531852722168,23.497213837660187,22.68696471061299,22.68696471061299,53507397,20.96563061424501
2023-12-14,23.568923950195312,23.690820847251775,23.239089389269694,23.475710407803604,48235322,21.050984494112235
2023-12-15,23.468528747558594,23.690808750022498,23.16020337362853,23.60476492808581,31684684,21.130248240126868
2023-12-18,23.583261489868164,23.683646243994094,23.425514683183145,23.54024033783136,31521986,21.210674904052812
2023-12-19,23.597599029541016,23.913094147507216,23.540236985151623,23.67647319641502,27090256,21.28893471144587
2023-12-20,23.353809356689453,23.64062268939656,23.289276085662625,23.511556147342905,25825488,21.35663551948664
2023-12-21,23.511554718017578,23.568916761259864,23.339465489231134,23.48287292163154,24714129,21.427288607963064
2023-12-22,23.884414672851562,24.049332697109698,23.518728698944795,23.533068049289007,36993016,21.507850118287276
2023-12-26,24.12820816040039,24.221423239796437,23.827053895547085,23.927438650498186,26212408,21.593763496717212
2023-12-27,24.29312515258789,24.343317527912866,24.07084352648444,24.09952532653585,20593974,21.68226715756543
2023-12-28,24.357656478881836,24.357656478881836,24.192738466077653,24.293123208694993,14225154,21.76998484023154
2024-01-02,24.047489166259766,24.31292832097575,23.846613736461997,24.31292832097575,21468310,21.844657113216073
2024-01-03,23.78204917907715,24.226842047594936,23.78204917907715,24.04031650606674,20995509,21.90817816455578
2024-01-04,23.62421417236328,23.839436371780504,23.459210434465565,23.782042958423744,30121031,21.964441640221597
2024-01-05,24.176618576049805,24.176618576049805,23.588345358866587,23.60986711488897,31414011,22.036972031560225
2024-01-08,23.918354034423828,24.15509957905302,23.88248547051317,24.047489236314313,13381523,22.098656687391816
2024-01-09,23.904006958007812,23.990095541289957,23.523780960704084,23.817918374725668,21458906,22.15784849954316
2024-01-10,23.882478713989258,24.06182923448089,23.810736955457468,23.825085307163825,11422452,22.214393752475818
2024-01-11,23.925527572631836,24.09053132867544,23.767698769214537,23.82509063854751,23114559,22.270496500677655
2024-01-12,23.954227447509766,24.018794278000183,23.64574165187063,23.860963903393454,27608377,22.325700794016413
2024-01-15,23.99726676940918,24.083353788993357,23.803566324338824,23.93987335590597,11169567,22.38050623583257
2024-01-16,23.660085678100586,24.083355150099518,23.638563921988208,23.817916023819105,40226258,22.422459660169224
2024-01-17,23.6744327545166,23.7892180314797,23.55247407601501,23.60269253779041,30594852,22.463507958344547
2024-01-18,23.57400131225586,23.817920276308982,23.487912722100546,23.817920276308982,25613957,22.499917576505574
2024-01-19,23.631385803222656,23.70312756454317,23.46638207768827,23.638560754522306,36066109,22.53701489541433
2024-01-22,23.243989944458008,23.79639306179744,22.935504200817046,23.638564264129926,41153165,22.56019440521904
2024-01-23,23.35159683227539,23.40181529008025,23.078982790001938,23.373120135859757,24343524,22.586142025778262
2024-01-24,23.243989944458008,23.724652840160882,23.17942312485094,23.46638556173259,26632184,22.60771080999727
2024-01-25,23.193767547607422,23.437686430293965,23.13637569009391,23.373119621631787,17399934,22.62692578500088
2024-01-26,23.538127899169922,23.609868122529917,23.20812039117718,23.229642148118085,16393377,22.656801264153962
2024-01-29,23.416168212890625,23.588345361761625,23.279859623837734,23.466385126837217,9956124,22.681698541161722
2024-01-30,23.265514373779297,23.48791156693978,23.193774143900743,23.36595286607912,23823364,22.700840043870496
2024-01-31,23.516605377197266,23.911179719524444,23.294209747153403,23.30138469993028,27023862,22.727586448241865
2024-02-01,23.464670181274414,23.730253829842994,23.141662202652924,23.529270225828263,26301462,22.751753128013423
2024-02-02,23.500558853149414,23.60822714176638,23.105772025879734,23.50773611858905,25338865,22.77630413539493
2024-02-05,23.945598602294922,23.952775869955662,23.543634385192377,23.601057179990935,21139400,22.81464165889985
2024-02-06,24.97203826904297,25.02946105054745,23.88816872592225,24.089150787943716,76215210,22.88537597398651
2024-02-07,24.792587280273438,25.029460318877685,24.476759664475388,24.763876665945734,53422083,22.947907492225426
2024-02-08,24.304489135742188,25.007926358681345,24.304489135742188,24.71363208036547,55241227,22.992385578898105
2024-02-09,24.613142013549805,24.699276965487012,24.218355136736132,24.318846172524637,30560069,23.045525134132586
2024-02-14,24.613142013549805,24.720810315678666,24.491116076399052,24.548540411804254,14313415,23.096922408867574
2024-02-15,24.821304321289062,24.8571953107969,24.505475092283874,24.677745016770057,32298657,23.153459520750246
2024-02-16,24.792587280273438,24.972037539051808,24.605961306876235,24.89307830834658,25879532,23.207201414505104
2024-02-19,25.065353393554688,25.079709478390516,24.79976970201866,24.82130305368705,32035461,23.268124430211646
2024-02-20,25.61087417602539,25.804677423060983,25.04381741590805,25.04381741590805,62343778,23.344935897287506
2024-02-21,25.467317581176758,25.71854518804369,25.467317581176758,25.58934197560621,32185244,23.414522182005186
2024-02-22,25.322851181030273,25.745393549661163,25.322851181030273,25.723153381542303,24314973,23.477090345907648
2024-02-23,25.396984100341797,25.485939978453107,25.107877896972933,25.352506962271917,25725331,23.5400376821186
2024-02-26,25.47111701965332,25.53042040832891,25.32285614500686,25.41922595382281,15356342,23.603351758759082
2024-02-27,25.782461166381836,25.8343522276874,25.500767291286348,25.66385279740176,17802262,23.674797968845073
2024-02-28,25.79728889465332,25.86400620616035,25.54524589584583,25.723157658550175,15121697,23.744387835265016
2024-02-29,25.159772872924805,25.760227146040123,25.011511985029884,25.700922150093433,48078175,23.79079390207353
2024-03-01,25.269275665283203,25.417613656961592,25.150605592501478,25.30635976250157,16520612,23.839268713982044
2024-03-04,25.076440811157227,25.36569905275761,25.076440811157227,25.276696886758675,17674233,23.879831733561556
2024-03-05,25.054195404052734,25.247033733952467,24.920691328427754,25.158031551137626,20542423,23.918335460462906
2024-03-06,25.328617095947266,25.43245323220896,25.03935882984532,25.187695251473308,36605983,23.964574202609935
2024-03-07,25.061603546142578,25.469531822904663,24.846513537426322,25.25444181418841,18729056,24.000542377807726
2024-03-08,25.291532516479492,25.41020101043547,24.957772368461942,24.98002411353327,19630131,24.042869923337946
2024-03-11,25.41761589050293,25.41761589050293,25.209943645587195,25.22477760633904,22865412,24.08794356160565
2024-03-12,25.521451950073242,25.66978835161608,25.313779705669234,25.558536050458954,24434504,24.134943836637373
2024-03-13,25.77362823486328,25.899714507293954,25.365699890851154,25.447285880214615,30214957,24.188671193956253
2024-03-14,25.7587947845459,25.907131201456544,25.62529072708215,25.810712851025666,32383745,24.2401506559428
2024-03-15,25.61786651611328,25.884874564038903,25.514032012014756,25.862624427646704,42577460,24.285321667751667
2024-03-18,25.72170639038086,25.921962455655848,25.499200185454775,25.71429021143218,14672010,24.332416248821477
2024-03-19,25.7587947845459,25.84779695525333,25.692042755814022,25.781044926521453,11934228,24.37918275818949
2024-03-20,25.810714721679688,25.959051149341143,25.632710367363806,25.758796651437113,19759180,24.42611823240228
2024-03-21,25.543701171875,25.907127586522915,25.417614914533267,25.81070924954571,38034356,24.46276029599155
2024-03-22,25.186521530151367,25.545048992307144,25.104358684089817,25.470356376326393,13144839,24.48649017252138
2024-03-25,25.186521530151367,25.201460376175092,25.059543760156515,25.12676776019434,13844693,24.509442020312523
2024-03-26,25.686962127685547,25.686962127685547,25.08194782346377,25.15664204346116,19262812,24.548049236947705
2024-03-27,25.828886032104492,25.90357865909662,25.50770644472785,25.619745385216042,19398772,24.590043885969237
2024-03-28,25.873695373535156,25.98573589696933,25.686962243903306,25.82141022636925,18913508,24.63213081998779
2024-04-01,24.990116119384766,25.998988637023665,24.982642080461318,25.842051584200895,35605204,24.643868042918836
2024-04-02,25.020004272460938,25.079788497639992,24.76591768178869,24.997585389888865,20491664,24.65620037831366
2024-04-03,24.833181381225586,25.094740451698463,24.66877189980782,24.99011682350931,33775409,24.662003034146835
2024-04-04,24.50436019897461,25.176941252787305,24.36984366521994,24.937801107214703,54117291,24.656834416600205
2024-04-05,24.45952033996582,24.65382108602238,24.310057358020487,24.511832141402607,28261098,24.65036510261219
2024-04-08,24.825702667236328,25.057368752400205,24.57908850759161,24.631400308432518,19296916,24.656113875222818
2024-04-09,25.087263107299805,25.132102491313645,24.870543455301352,24.94527414703038,20178616,24.670249915618783
2024-04-10,24.556671142578125,25.03494980196795,24.42215461354699,24.997586073300045,31255391,24.666526021420726
2024-04-11,24.51182746887207,24.6089770159011,24.324997565834185,24.452041641506312,20688126,24.661453937730606
2024-04-12,24.25774574279785,24.45952052772889,24.205432325998956,24.437100030540638,25841237,24.648217603470513
2024-04-15,23.846721649169922,24.384786079945247,23.757044513200768,24.257743605235646,35825686,24.621939047591805
2024-04-16,23.667369842529297,23.81683283821893,23.45065019448804,23.697262764659357,34875666,24.59064169660615
2024-04-17,23.682315826416016,23.742100050434015,23.450648122815,23.682315826416016,28706141,24.56086052053434
2024-04-18,23.71220588684082,23.913980660366093,23.435700433473798,23.72715234580126,24583607,24.533035778446028
2024-04-19,23.577693939208984,23.891564793307676,23.502963244888562,23.74957582811457,30496961,24.501713095192354
2024-04-22,23.562753677368164,23.71968751999436,23.37592529025158,23.644956811132158,24603774,24.470927540509592
2024-04-23,23.91398048400879,24.145646558786034,23.465593178344076,23.465593178344076,53107109,24.452666981280057
2024-04-24,23.809362411499023,23.981244305717563,23.63000809360177,23.913986032765887,27387442,24.43157502817248
2024-04-25,23.67483901977539,23.913979117795815,23.50295717525823,23.749569694796644,23076377,24.406764011503725
2024-04-26,24.07091522216797,24.17553881630198,23.704732642698918,23.779463319948817,30762989,24.395752575787796
2024-04-29,23.88409423828125,24.138180879792618,23.69726587290409,24.100815529709365,25020378,24.37897689259086
2024-04-30,23.43570327758789,24.063444940345267,23.43570327758789,23.846725296519306,53143478,24.34804988882027
2024-05-02,23.777908325195312,24.009706554890744,23.568543224741653,23.86763761042154,31652054,24.32935672279978
2024-05-03,24.076995849609375,24.368611923387277,23.987269815671663,24.121860482448316,32765680,24.32108259580993
2024-05-06,24.226537704467773,24.428426084226075,24.002217821137346,24.062037318489313,21100312,24.317982763306908
2024-05-07,24.727527618408203,24.854641672202245,24.06204597413251,24.30132081787331,43603391,24.331410463474164
2024-05-08,24.884544372558594,24.95184050426248,24.391039945353388,24.54806532990902,27721450,24.34954600147693
2024-05-09,24.13681983947754,24.645277693330268,24.12186495908917,24.59293641990616,31837186,24.342571373214653
2024-05-10,24.41347312927246,24.690134286602067,24.159243477278544,24.17419835279229,26443200,24.344896020954252
2024-05-13,24.712562561035156,24.809768431230932,24.465811186993136,24.533107310071802,26666401,24.356950661612643
2024-05-14,24.981754302978516,25.093913463411443,24.53311442950657,24.54059106052072,34497357,24.377436026903325
2024-05-15,24.91446304321289,25.101395013903495,24.80978049327798,25.056531987285922,23867664,24.395043470061015
2024-05-16,24.839685440063477,25.13877815106336,24.764911050410916,25.02661737451958,20274355,24.409621895306998
2024-05-17,24.8471622467041,24.951844777087423,24.720048207201533,24.79482098151244,21065189,24.423967480598705
2024-05-20,24.772390365600586,24.97427718669341,24.675184462795393,24.817253385456684,17755129,24.435391181746308
2024-05-21,24.64527130126953,24.88454609368379,24.54806702776184,24.80229508081577,18694273,24.44227249714051
2024-05-22,24.26392936706543,24.563022071358528,24.166725086501966,24.518159054443107,23786768,24.436425181400345
2024-05-23,24.047086715698242,24.256451761880736,23.964835700163686,24.226542007891805,21792348,24.423659985803553
2024-05-24,23.815288543701172,24.106902969732896,23.72555928783151,24.09194809375462,23438031,24.403713381144456
2024-05-27,23.7330379486084,23.83024384284969,23.62835703954323,23.815290581461838,13641546,24.38172402270065
2024-05-28,23.60592269897461,24.0321310233109,23.553581439204887,24.024652777132392,28440452,24.356287913726025
2024-05-29,23.44141960144043,23.576011858520936,23.14232533773491,23.44889623089167,28148705,24.326292231356003
2024-05-31,23.202144622802734,23.48628239324528,23.179713118786154,23.433941139960087,38825757,24.28943493271491
2024-06-03,23.52958106994629,23.679213344972997,23.26024329825617,23.312615968786808,25750257,24.264521691312662
2024-06-04,23.611875534057617,23.694171737633326,23.32009352860963,23.447279893327153,25163703,24.24312345664856
2024-06-05,23.566991806030273,23.671733927163253,23.439805406594502,23.52958413659563,25288786,24.220955205808618
2024-06-06,23.866252899169922,23.941069848938398,23.53706478734797,23.574470837047453,14607995,24.209325621984398
2024-06-07,23.52958106994629,23.79143633865071,23.43980235164617,23.626842291232112,26331259,24.187038915360198
2024-06-10,23.34253692626953,23.641799784906624,23.12557026242483,23.559501973324885,23061082,24.159350325553945
2024-06-11,23.60439682006836,23.70914054620807,23.3724683255906,23.477210434940528,16807035,24.141155128652777
2024-06-12,23.566991806030273,23.746549266032535,23.305136503197822,23.694178205466045,39355661,24.122330101681545
2024-06-13,23.32009506225586,23.694173295880816,23.32009506225586,23.56698692279888,23094958,24.09602731350365
2024-06-14,23.297651290893555,23.469727831779423,23.148019024143768,23.290168788321747,17478111,24.069851050467253
2024-06-17,23.866252899169922,23.941069848938398,23.40987678113648,23.499655504068812,30480419,24.06317570124439
2024-06-18,23.851289749145508,24.1131450162445,23.731584253216006,23.821362970965698,24588705,24.056228620847705
2024-06-19,24.0383243560791,24.15802983351015,23.641801882026282,23.746542355890266,16497726,24.055641595773324
2024-06-20,23.87373161315918,24.2852191128076,23.83632395260743,24.225365562493135,23141638,24.04967733404827
2024-06-21,24.040390014648438,24.266617106146303,23.85940736368526,24.040390014648438,58654050,24.049372831772864
2024-06-24,24.387266159057617,24.77939216002155,24.115793058691988,24.123333253876467,36808677,24.060451301519905
2024-06-25,24.462678909301758,24.643659921471265,24.311860312755122,24.379728599720707,27162088,24.073639091938983
2024-06-26,24.41743278503418,24.41743278503418,23.987602474722785,24.30432006009162,26776528,24.084911016302758
2024-06-27,24.462678909301758,24.590873657121154,24.342024357986062,24.47021910580546,17012674,24.0972968488601
2024-06-28,24.4400577545166,24.538088461374176,24.16858459483196,24.492844021165492,32848049,24.10853491134064
2024-07-01,24.325111389160156,24.64200160083856,24.272296353880424,24.430741459719627,17694174,24.11563577946587
2024-07-02,24.641992568969727,24.641992568969727,24.3175581699483,24.355282948393054,34497357,24.132893379121732
2024-07-03,24.79290008544922,25.117336203586362,24.717450507950584,24.79290008544922,28588875,24.154532943263618
2024-07-04,24.83062171936035,25.079606597868132,24.823077414767475,25.02679157423024,11373280,24.176699788381544
2024-07-05,24.845712661743164,24.95888701681269,24.6042720809997,24.8985276868748,19063291,24.19863463668848
2024-07-08,24.800439834594727,24.898525571719265,24.596725686676123,24.77026098743749,19708195,24.21836595465262
2024-07-09,24.97397804260254,24.97397804260254,24.55900213330056,24.70235860359296,19027715,24.24314012147065
2024-07-10,25.238054275512695,25.26068882066277,24.97397751661256,25.03433847767407,38936224,24.275760257668747
2024-07-11,25.388954162597656,25.396498467703857,25.185238358777905,25.238055016505417,22220282,24.31225841848609
2024-07-12,25.245603561401367,25.419138912948085,25.1399734891987,25.388958426462665,24991940,24.342859898581672
2024-07-15,25.343685150146484,25.404046117052125,25.185240057763384,25.27577987762571,22336415,24.375673841255928
2024-07-16,25.49457550048828,25.539846207135554,25.290861396814222,25.321040237416938,22061662,24.41235914155863
2024-07-17,25.77374839782715,25.84165366261574,25.358772504339505,25.441768009136222,18500757,24.456994854878907
2024-07-18,25.65302848815918,25.811473564847027,25.479493171239735,25.705843513721796,17774957,24.496209072363506
2024-07-19,25.849197387695312,26.120818440758494,25.69829825198991,25.766203515255707,26942513,24.540569344997333
2024-07-22,25.834104537963867,25.992547952248362,25.781289523037152,25.86428338185367,14046027,24.58298033493066
2024-07-23,25.796384811401367,25.95483152771733,25.72848117218947,25.8114750525027,19171379,24.62276408825757
2024-07-24,25.75865936279297,25.902015834328317,25.690754094827813,25.87937965800925,17873754,24.66000655627512
2024-07-25,25.64548110961914,25.81147047128058,25.532305136694532,25.70584043281536,22461951,24.692317197368368
2024-07-26,25.834104537963867,25.909554093431844,25.59266400387156,25.59266400387156,12668639,24.729752847879695
2024-07-29,26.022735595703125,26.113275413306873,25.841655960495633,25.864290507272546,17147388,24.772145724857513
2024-07-30,25.924652099609375,26.037826466726933,25.75866107124159,25.969921194257946,19972297,24.809932819111673
2024-07-31,25.562490463256836,25.962376150597418,25.539855916576,25.84920015620106,28667619,24.834606840231185
2024-08-01,25.19081687927246,25.756986876943685,25.11532634992934,25.681497978946418,25644208,24.846285857904668
2024-08-02,24.873760223388672,25.319146981701365,24.752977014227685,25.28140253471589,27354812,24.847186656772994
2024-08-05,24.873760223388672,24.93415101229628,24.420823596871422,24.496312490842374,30036736,24.848057921252195
2024-08-06,25.424835205078125,25.621107319696463,24.919054365566563,24.919054365566563,29244996,24.86696865186944
2024-08-07,25.492774963378906,25.802282065771678,24.96434939686386,25.704145189984924,46066533,24.88748689159106
2024-08-08,25.40218734741211,25.772085235103976,25.319148579994707,25.553166776230487,22235464,24.904362316372076
2024-08-09,26.08913803100586,26.08913803100586,25.477672176079,25.515416619417437,27350166,24.943207421769905
2024-08-12,26.12688636779785,26.28541567349491,26.021202882909733,26.17218068818929,23753798,24.98201656754131
2024-08-13,26.866682052612305,26.866682052612305,26.202375185135633,26.308060294445745,44797573,25.043808878527244
2024-08-14,27.530988693237305,27.76500526683496,26.866683423216926,26.866683423216926,61454486,25.125355757698063
2024-08-15,27.968822479248047,27.99901868548324,27.59892466257639,27.68196341405039,36976474,25.21858417479806
2024-08-16,27.734811782836914,28.30098016488044,27.659322882743897,28.112256283302,39069012,25.3010834406354
2024-08-19,27.9008846282959,28.127351290487866,27.76500006321297,27.84049221330154,25227717,25.386322823837382
2024-08-20,28.10470962524414,28.202844868914546,27.734811731587612,27.93108221892842,17856533,25.475450259949078
2024-08-21,27.991472244262695,28.217942187399824,27.86314079907436,28.18019610931313,16012462,25.557942784024934
2024-08-22,27.734811782836914,27.742358388961957,27.402656707197483,27.417756444831166,24315199,25.62931553808434
2024-08-23,27.523441314697266,27.96882810520127,27.455499021328656,27.77255435653745,24645695,25.691418022563454
2024-08-26,27.58382797241211,27.659320127677365,27.372457768128932,27.57628136703876,16314180,25.753464250427342
2024-08-27,27.614025115966797,27.71216361605437,27.425301246803414,27.576282299749067,16586780,25.8144662460188
2024-08-28,28.21039581298828,28.28588471581915,27.349816774140105,27.44795039020509,36121512,25.89302131378829
2024-08-29,27.9008846282959,28.217939912979404,27.9008846282959,28.074508743040617,25176619,25.958852897870504
2024-08-30,27.704612731933594,27.9084330675726,27.48569266020787,27.802747965731417,69846390,26.016090925216833
2024-09-02,27.483814239501953,27.717943386584775,27.44604999966088,27.619760932963903,11520344,26.064213001095034
2024-09-03,27.929414749145508,27.936968249818246,27.46115319987807,27.559338915839724,17829227,26.12536715676882
2024-09-04,28.125782012939453,28.54117562088133,27.959627834024285,28.057810293964373,23012702,26.19095452910228
2024-09-05,28.30704116821289,28.397670109908002,28.050251550134465,28.171094491409246,13102351,26.260334418909185
2024-09-06,27.90675926208496,28.3825710776133,27.846337781435217,28.3825710776133,18068290,26.31431556130839
2024-09-09,28.178646087646484,28.284385298498016,27.92185972143013,27.959623958467187,15484371,26.375441152335867
2024-09-10,28.178646087646484,28.231517325202816,27.959623958467187,27.982281194984967,15099944,26.43456262562474
2024-09-11,28.23151969909668,28.352359392106226,28.05025526319025,28.23151969909668,22282257,26.493479250984475
2024-09-12,27.921855926513672,28.155985024391285,27.717937561307476,28.103117058281477,16309421,26.54031127313297
2024-09-13,27.952072143554688,28.193754788084956,27.62731078394264,28.065361597235416,22909713,26.586598514786143
2024-09-16,27.944520950317383,28.110678394201148,27.816127748865963,27.98983869408852,12252828,26.63112056185274
2024-09-17,27.876556396484375,27.929424390921966,27.68774166431262,27.876556396484375,19981701,26.67195452364394
2024-09-18,27.717945098876953,27.967181262997464,27.61220913790369,27.831231296875753,18703790,26.706249296602397
2024-09-19,27.642419815063477,27.853891736522474,27.468708871429833,27.793470254888025,27012532,26.736943411961775
2024-09-20,27.340312957763672,27.75882473864842,27.3250940784668,27.637076993064216,34731661,26.756726020020853
2024-09-23,27.180517196655273,27.378359350728882,27.06637806159586,27.195736076875626,17373195,26.77062081269739
2024-09-24,27.17291259765625,27.64468973228627,27.028335680772994,27.431628666480265,27208315,26.783810707286204
2024-09-25,27.515331268310547,27.522939886774807,27.226175811943307,27.226175811943307,24582587,26.807794987975527
2024-09-26,27.865360260009766,28.070811056472717,27.652299200332227,27.77405025660017,42599440,26.842469259189762
2024-09-27,27.97188377380371,28.047976520489538,27.789260523999616,27.804477757820564,31411178,26.879499243275465
2024-09-30,27.477279663085938,28.154509105209367,27.477279663085938,27.850138095962407,28491777,26.899098601302036
2024-10-01,27.026329040527344,27.64298619890039,26.973037721783996,27.604919561055134,30144937,26.903270091112702
2024-10-02,27.193805694580078,27.604909772655756,27.041545777988787,27.308002277222972,23530370,26.912795848603434
2024-10-03,26.52385902404785,26.88928580684286,26.37921143664968,26.813155844043724,35700490,26.900043821568822
2024-10-04,26.5771484375,26.752248655648593,26.363984885857537,26.409662202209706,17541559,26.889457087664926
2024-10-07,26.752254486083984,26.889289755405017,26.53147690346655,26.797933457590915,26410683,26.884958641711453
2024-10-08,26.912126541137695,27.033935470679097,26.851221253767218,26.93496520130185,26176152,26.885849392512313
2024-10-09,26.417282104492188,26.7979352908243,26.36399243522156,26.729417651476524,23707005,26.870486530610012
2024-10-10,26.561925888061523,26.622829529805298,26.31830803068736,26.424890637638615,23211884,26.860369788231374
2024-10-11,26.36398696899414,26.622829502640485,26.303081682112975,26.51624689579798,19225310,26.844094941699005
2024-10-14,26.53147315979004,26.69895940794975,26.356372928186985,26.44772921311042,16356101,26.833845047210186
2024-10-15,26.83599090576172,26.88166986443643,26.440113178044758,26.569534426490822,32631872,26.833915403228268
2024-10-16,26.67612075805664,26.851220989725583,26.531473169773477,26.835994668032694,39642197,26.828741808304606
2024-10-17,26.729412078857422,26.973029935703885,26.295467668524694,26.409664258696267,22310809,26.825485095863716
2024-10-18,26.858829498291016,26.934959446037674,26.66088900183099,26.79792422393433,17703125,26.826578354959693
2024-10-21,26.721797943115234,26.965415798573286,26.645667980234418,26.942577138748945,16873089,26.82314293162053
2024-10-22,26.767478942871094,26.835996572752464,26.50102240733224,26.645670005881954,24850542,26.821317882809073
2024-10-23,26.934967041015625,26.950193363898233,26.645670196645394,26.65328418068653,17395402,26.825044084717483
2024-10-24,27.178586959838867,27.277555598216114,26.866451430280335,26.934969065802928,24236796,26.836635654393593
2024-10-25,26.87406349182129,27.23949032909675,26.81315984154193,27.178586678817393,17380220,26.837862796604337
2024-10-28,27.20142364501953,27.338458906098648,27.018709415180822,27.132906014479975,11933889,26.84978282442123
2024-10-29,26.912126541137695,27.36129563209698,26.912126541137695,27.3003903447265,13225282,26.851826880707016
2024-10-30,26.83599090576172,27.09483504785315,26.744634633611597,26.904508521174133,12081065,26.851307668413725
2024-10-31,26.6608943939209,27.110065124947752,26.6608943939209,26.83599462531109,22748147,26.84506461023363
2024-11-01,26.514385223388672,26.887612473566644,26.499152868957477,26.659105758718812,25777562,26.83422266312396
2024-11-04,26.872373580932617,27.070412246675666,26.57531475930363,26.75811942829278,23226386,26.83547351288818
2024-11-05,27.67976951599121,27.915892412666988,27.116119718091696,27.192289721881668,59510598,26.86315534905549
2024-11-06,27.55027961730957,27.748319956972253,27.055182060210974,27.321772925877212,44058971,26.88568401358841
2024-11-07,27.146591186523438,27.786409423895435,27.085655175709267,27.5198184916571,16816325,26.894238347127263
2024-11-08,26.720043182373047,26.940932085729877,26.567704815691936,26.712425358722868,26247984,26.888527030250074
2024-11-11,26.750511169433594,26.979016250279045,26.59055497919488,26.628640805365098,20677703,26.88400192005937
2024-11-12,26.43060302734375,26.872384169191,26.400136667860416,26.773363974289122,26591283,26.869136382593283
2024-11-13,26.293495178222656,26.544852059718835,26.125922826539107,26.50676788325325,29706013,26.850262900482768
2024-11-14,26.217329025268555,26.36204957547952,26.02690811500644,26.24017920529413,35013665,26.829510970147876
2024-11-18,26.125926971435547,26.33158353221224,26.06499096259975,26.18686133424193,20962992,26.80644264232124
2024-11-19,26.362045288085938,26.430597463043068,26.01928605932941,26.12592241014514,18019798,26.791872237264343
2024-11-21,25.90503692626953,26.224946020636622,25.90503692626953,26.08022547499856,28727441,26.762795669690743
2024-11-22,25.9812068939209,26.20209746094008,25.851720341824482,26.20209746094008,14604143,26.737169808190092
2024-11-25,25.973588943481445,26.057373482399758,25.87456875708611,25.965971119742935,27017291,26.71213437000292
2024-11-26,26.468685150146484,26.78097640181126,26.026905716202645,26.049755894122203,30264922,26.704152428368282
2024-11-27,25.821250915527344,26.544855294643934,25.684146546719507,26.41536710364571,26816070,26.675204837783333
2024-11-28,24.891990661621094,25.767933435067597,24.853906479476358,25.722231428876277,44303925,26.616738799220634
2024-11-29,24.831052780151367,25.08240966350595,24.511143720240238,24.952923133359775,41721478,26.558191716628198
2024-12-02,24.47869873046875,24.88261271587593,24.387246849171504,24.684465051657288,25024231,26.49001161872133
2024-12-03,24.7530517578125,24.783534615047152,24.524421270488183,24.547283825144373,23357474,26.433062115084972
2024-12-04,24.905471801757812,25.035028478287327,24.66159905435566,24.699705509260447,25113058,26.38297718677916
2024-12-05,25.43894386291504,25.530395736693233,24.996926747473918,25.134103734680735,36947243,26.35202527452132
2024-12-06,24.920717239379883,25.446567609375517,24.90547498485407,25.362736032944095,24236456,26.3050971422216
2024-12-09,25.042652130126953,25.248420083530746,24.958820558711967,24.958820558711967,18324009,26.263705502480793
2024-12-10,25.38160514831543,25.520090953480935,25.158486265456247,25.18926162777497,21447916,26.234784179393404
2024-12-11,25.627805709838867,25.966329742457788,25.120020492227763,25.40468846653537,35985666,26.214883245965385
2024-12-12,24.98922348022461,25.527783972765167,24.90459207064416,25.389296513930663,27479555,26.17469767987552
2024-12-13,24.66609001159668,25.104633156848088,24.658397001431993,25.027696404662937,27998356,26.125235133374574
2024-12-16,24.396808624267578,24.70455894450184,24.396808624267578,24.627620533126027,37414605,26.068565411764506
2024-12-17,24.527603149414062,24.758415058810073,24.312178922329053,24.466052420170058,45447689,26.018042058900555
2024-12-18,23.827468872070312,24.49682208986595,23.750530478401647,24.442966045614945,58162101,25.946219987201204
2024-12-19,23.95826530456543,24.26601393831532,23.78130946606651,23.99673367595487,53287369,25.88104114514757
2024-12-20,24.235239028930664,24.250626710300796,23.896715026690917,23.896715026690917,60210112,25.827080420025702
2024-12-23,23.765920639038086,24.089056938289634,23.65820853928757,23.950569477857744,31425454,25.75950141081299
2024-12-26,23.9197940826416,24.027507844870893,23.688982203133126,23.735145244088535,23278278,25.69918313775819
2024-12-27,23.681291580200195,24.027510265661867,23.681291580200195,23.965959538186702,15418543,25.633022758821863
2024-12-30,23.642820358276367,23.904407593259975,23.642820358276367,23.750532455745926,32151480,25.56777022109906
2025-01-02,23.533239364624023,23.748787382170367,23.27920086731439,23.594825463117214,29053972,25.501064291378565
2025-01-03,22.95587730407715,23.57172826623778,22.95587730407715,23.54863431264395,40039200,25.417615537696552
2025-01-06,23.987430572509766,24.05671243664176,23.17912385814784,23.25610647983319,35104078,25.370724227362558
2025-01-07,24.24916648864746,24.526300599456974,24.049014999501633,24.110599433242704,28624338,25.333951842486652
2025-01-08,23.8565616607666,24.179883690742965,23.756486744968164,24.03361920055222,21783171,25.285512820135175
2025-01-09,23.91814422607422,23.99512517509761,23.80267113894945,23.871954658506375,11465733,25.24068106295285
2025-01-10,23.58712387084961,23.972031954895908,23.517840349177686,23.910445862925425,21853643,25.186466073047825
2025-01-13,23.756484985351562,23.964333895746982,23.579427458680403,23.579427458680403,17535780,25.139581447221715
2025-01-14,23.771879196166992,23.82576452833922,23.417764177277643,23.81036966976981,22928521,25.094738750465822
2025-01-15,24.803436279296875,24.857323289689585,23.91815015529952,23.995131123406225,40308287,25.085187849771756
2025-01-16,24.726455688476562,24.934304638254122,24.518606738699006,24.74954964654293,24765227,25.073426139565356
2025-01-17,24.903512954711914,25.072873081439656,24.703361438789212,24.84192851273189,23627808,25.0678552154718
2025-01-20,25.142154693603516,25.326911344804238,24.78803958102472,24.78803958102472,10462575,25.070291263935133
2025-01-21,25.19603729248047,25.326905238520073,25.042073730865297,25.14214863186393,15918423,25.074414084543175
2025-01-22,25.103660583496094,25.373095594669877,25.02667962704354,25.28841554441816,23835940,25.07537298614819
2025-01-23,25.04977798461914,25.30381651644043,24.888116949497395,25.18064596631099,22913792,25.074533805770187
2025-01-24,24.988187789916992,25.095961788525575,24.87271469792794,24.96509217336533,9909218,25.071702788856967
2025-01-27,25.588640213012695,25.64252720810721,24.8727127548156,24.988185837783632,22917984,25.08865155686207
2025-01-28,25.63483428955078,25.750307392837136,25.38079579134668,25.588644715518257,16244500,25.106559187442027
2025-01-29,25.573251724243164,25.82729024102153,25.557855198439924,25.74261018089873,13655935,25.121860582091244
2025-01-30,26.196796417236328,26.312269512265352,25.58094545571419,25.58094545571419,29709865,25.157104379964853
2025-01-31,26.027437210083008,26.343060111439474,26.027437210083008,26.289174775910826,20432975,25.185639882591676
2025-02-03,25.786865234375,26.025631873185716,25.602012085963153,25.940909247308376,25677405,25.205352189207524
2025-02-04,25.87928581237793,26.102647838879573,25.586604077111325,25.72524183018261,23154667,25.227448373573765
2025-02-05,26.2721004486084,26.5031656254053,25.99482157066856,26.048736723105876,45348664,25.261699261279816
2025-02-06,26.31831169128418,26.48775858406199,25.378646504825685,25.648222241830428,44044581,25.29634229177176
2025-02-07,26.125757217407227,26.54937694765391,25.956308659525053,26.41073752110645,40083613,25.32353622375981
2025-02-10,26.41073989868164,26.603292825710934,26.195079288841722,26.233589874247578,42687021,25.359182245888395
2025-02-11,26.68801498413086,26.880569560264412,26.495462072456068,26.495462072456068,35512412,25.402750532388147
2025-02-12,25.948610305786133,26.657208759841765,25.825375430198427,26.495464962177895,34311545,25.4206475741389
2025-02-13,26.08724594116211,26.11035195681881,25.840776225961637,25.96401108356187,15168830,25.442503258303596
2025-02-14,26.780439376831055,26.8805682174671,26.225883357100788,26.26439560197066,33546090,25.486370016288102
2025-02-17,26.834354400634766,27.188654401945268,26.834354400634766,26.865163530607504,20231641,25.530566225610944
2025-02-18,26.789472579956055,26.910508526426355,26.51512199336298,26.878231576531306,34668327,25.571841843786192
2025-02-19,26.53932762145996,26.69264051082123,26.426360045745618,26.66843367138454,25496918,25.603562688955822
2025-02-20,26.466705322265625,26.66036351224301,26.345667645711842,26.539325835689226,17946380,25.631862447424997
2025-02-21,26.386011123657227,26.47477184779633,26.25690509138865,26.44249490378991,34362303,25.65658863353097
2025-02-24,26.240766525268555,26.603877784645665,26.079385293329484,26.52318542491903,29019415,25.67574200703056
2025-02-25,26.507047653198242,26.741052886951444,26.329527944624388,26.45056387177604,29667378,25.70299792985573
2025-02-26,26.442495346069336,26.77332966827595,26.426356873796195,26.749121087987664,24486962,25.727243746780765
2025-02-27,26.418292999267578,26.72491879329627,26.418292999267578,26.603882846313606,23485390,25.749901099321317
2025-02-28,25.772756576538086,26.55546109388783,25.772756576538086,26.41828670457391,40016653,25.750650459230062
2025-03-05,26.15839385986328,26.295645851760625,25.835451178126053,26.16646843012147,29404182,25.764019095316396
2025-03-06,26.206838607788086,26.424825855237856,26.004998757711057,26.158396415669863,21081617,25.77853776785645
2025-03-07,26.31986427307129,26.57821909868066,26.03728922778642,26.1422446761944,23391804,25.796286177863493
2025-03-10,26.553998947143555,26.553998947143555,26.04536383090592,26.19876147385867,31361893,25.821129219479232
2025-03-11,26.31986427307129,26.60243931835616,26.166466640591103,26.60243931835616,21005253,25.837481188449463
2025-03-12,26.400598526000977,26.481335496470503,26.166465673442186,26.416745920094883,20300754,25.85594405197574
2025-03-13,26.82849884033203,26.909234067516966,26.352158557331283,26.40059899575378,32681045,25.887831094216928
2025-03-14,27.700450897216797,27.89421617513778,26.909238898809573,26.965753916929984,35848233,25.947261251692332
2025-03-17,28.532024383544922,28.620834182567126,27.65200445252432,27.68429924211807,30713817,26.03200758388422
2025-03-18,28.685426712036133,28.94297377557682,28.552213736420793,28.69430908916912,30775164,26.119004932348215
2025-03-19,28.756467819213867,28.96072929070563,28.632133763463507,28.863038870016435,25414117,26.205479125360203
2025-03-20,28.49004554748535,28.907447454320305,28.285784037598525,28.712068320937515,32136515,26.280382942479058
2025-03-21,28.552209854125977,28.685422811628115,28.40123388949463,28.51668558458882,49041184,26.354869070729777
2025-03-24,28.5788516998291,28.703184025918837,28.36570957240598,28.49004364321697,32838563,26.427786533978935
2025-03-25,28.809757232666016,29.26268513206281,28.685423160136022,28.685423160136022,19574017,26.505883933935888
2025-03-26,28.498920440673828,28.95184830060834,28.383468754235953,28.907443403196588,32860090,26.571229393173198
2025-03-27,28.534448623657227,28.596614790677005,28.38347264962556,28.552211631892426,29373952,26.635597236795626
2025-03-28,28.143688201904297,28.543328838173206,27.948307327222725,28.401235242696917,22939851,26.685042842209025
2025-03-31,27.895015716552734,28.063752914876762,27.61082509806083,28.063752914876762,26139340,26.724714083990786
2025-04-01,27.901817321777344,28.141737909612637,27.697440977321936,27.892931697357934,12749134,26.763307632770672
2025-04-02,27.91070556640625,28.097310667869607,27.706329215547257,27.87516132191268,12147820,26.800927237152166
2025-04-03,28.4083194732666,28.61269584723683,27.626358225898667,27.679673725816876,32876673,26.853628621942804
2025-04-04,27.67078971862793,28.203944748995234,27.466413332703365,28.06177123803235,32585286,26.880420789047232
2025-04-07,27.724103927612305,28.097314177152025,27.1376316758799,27.457526424871446,33261069,26.908082531295268
2025-04-08,27.73298454284668,28.23059695519334,27.537493827588907,28.02622061573334,37102660,26.935128498887117
2025-04-09,28.239484786987305,28.74598286313114,27.386436865652282,27.546383350902598,37906369,26.977894278824827
2025-04-10,28.123966217041016,28.470517783845914,27.66189804320189,28.13285184132023,36347258,27.01547040794667
2025-04-11,28.26613998413086,28.550488674904916,27.93735968284889,28.22171011932507,28350853,27.05647596782156
2025-04-14,28.72821044921875,28.897042552524535,28.408315745978488,28.57714959498654,27027200,27.111286934424744
2025-04-15,29.092533111572266,29.136962979708674,28.61269193226088,28.692666044046863,25716216,27.17624582547876
2025-04-16,29.04810333251953,29.252479679152422,28.879271229645223,28.968129220488287,32431301,27.23761820275878
2025-04-17,29.101421356201172,29.172509849900766,28.75486975009728,28.941474863930704,20502356,27.298726502871645
2025-04-22,29.67012596130371,29.803413848355728,28.985908290480214,29.056995047194448,21624747,27.37647730478745
2025-04-23,30.292133331298828,30.363218324887065,29.812292167556226,29.93669439774004,28074813,27.4720725843452
2025-04-24,30.878604888916016,30.931918633092128,30.274358015089735,30.345446498728887,27701953,27.583762168101618
2025-04-25,30.76308822631836,31.07409557626136,30.65645723466375,30.878608334398514,32716096,27.688002366731673
2025-04-28,31.091867446899414,31.162952440502508,30.629797531457307,30.75419976166712,15664343,27.799604500507662
2025-04-29,31.34067726135254,31.47396513853276,30.967467015561937,31.10075838414715,25215842,27.91570524676487
2025-04-30,31.616147994995117,31.70500776005967,31.127421032842896,31.145192287574677,32424606,28.03703123851012
2025-05-02,31.53403663635254,31.72073435537021,30.893933165266922,31.489582968752504,39184393,28.15168715319348
2025-05-05,30.973939895629883,31.462909223831833,30.893929590854444,31.33844525659963,28440154,28.244220029994672
2025-05-06,30.813919067382812,31.009506819447726,30.60055124570063,30.956163117458452,17773062,28.32847245745002
2025-05-07,31.15174674987793,31.240650579344713,30.876145227844606,31.04506285314519,13799837,28.421038827693557
2025-05-08,31.400684356689453,32.005224228506385,31.24065673349772,31.64961233372362,34181683,28.51873212372621
2025-05-09,33.09873962402344,33.116519696198665,31.818532509751513,32.360842176785766,59744738,28.66889630406382
2025-05-12,32.43196105957031,33.28543234016265,32.22748327416694,33.28543234016265,27701747,28.792275476375508
2025-05-13,32.83201599121094,32.99204356822938,32.46751416621486,32.60975818445829,25374256,28.924725985058636
2025-05-14,33.05428695678711,33.19653101662534,32.725345166879045,32.840919120460924,18405585,29.06012142675465
2025-05-15,33.498802185058594,33.57881599573471,33.0898465895336,33.21431057661998,27141221,29.205651943420353
2025-05-16,33.69438934326172,33.78329318762548,33.22320001607506,33.49880158428896,30524874,29.35282366144794
2025-05-19,34.094451904296875,34.30781971479031,33.5254687475562,33.62326261846046,25052690,29.508286882524953
2025-05-20,34.05000686645508,34.12112715191784,33.65883132385875,34.12112715191784,18517546,29.657195734457087
2025-05-21,33.36544418334961,33.96109743503221,33.08984264306276,33.95220390767321,20822892,29.778777650814217
2025-05-22,33.13429260253906,33.552138136791996,33.01871518430428,33.46323431137738,23576494,29.888794534477324
2025-05-23,33.534358978271484,33.534358978271484,32.325269015778915,32.53864029843308,20729677,30.00832123755254
2025-05-26,33.60548782348633,34.00555340422815,33.374339908033924,33.44546019393447,6695412,30.12626112561594
2025-05-27,33.87220001220703,34.33449585180822,33.66772220012084,34.05000771657882,15157789,30.24907879402876
2025-05-28,33.59659957885742,33.91665136188598,33.51658575981578,33.854421108405376,14984646,30.358833573859208
2025-05-29,33.32988739013672,33.74772951989023,33.205419912270706,33.48102148020607,18040759,30.456245174392894
2025-05-30,33.276546478271484,33.534367997611206,32.97427477963415,33.45435418173764,32129614,30.548714069602028
2025-06-02,33.0432014465332,33.5857669700207,32.93646369311385,33.505715402349175,23768074,30.63050054097682
2025-06-03,32.93646240234375,33.04320015158009,32.71409966347071,32.91867394239964,24216330,30.70610584790688
2025-06-04,32.85641098022461,33.16771948184093,32.61625631112482,33.06098523828064,17784701,30.776607655523854
2025-06-05,32.45615005493164,32.90976962358787,32.358310060447096,32.90976962358787,25542146,30.83167461943886
2025-06-06,32.53620147705078,32.687406834460134,32.28715263072658,32.438357988135934,18733537,30.887560745917938
2025-06-09,32.36720275878906,32.58067119216559,31.90468548995018,32.4383565733915,24664895,30.936073598798956
2025-06-10,32.3170280456543,32.837694594736476,32.290098111892085,32.76587791086845,20974508,30.981350793777818
2025-06-11,32.61326599121094,32.84666579117101,32.083626355685276,32.290096223458086,16665400,31.0348562100871
2025-06-12,32.864627838134766,33.062121093283814,32.37089470026214,32.39782463673634,22525482,31.094848722482105
2025-06-13,32.46963882446289,32.631225485188196,32.23623900534312,32.46963882446289,14821597,31.13992380779295
2025-06-16,33.06211471557617,33.41221440371363,32.78382817751709,32.79280482127688,17874002,31.202946460507153
2025-06-17,33.25961685180664,33.29552343647483,33.008260177621025,33.20575344763493,20133513,31.270378276615332
2025-06-18,33.06211471557617,33.286537863908016,32.95439146329015,33.15188115317413,20285232,31.32912373363044
2025-06-20,32.89155197143555,32.918481903158394,32.66712881940808,32.78382871737562,21841974,31.38035088896831
2025-06-23,32.819740295410156,32.89155698478596,32.45168725759344,32.89155698478596,14711387,31.427543984261483
2025-06-24,33.43913650512695,33.73537626134028,32.83768387821006,32.96336038858817,20742037,31.49349783740461
2025-06-25,32.83768844604492,33.34039455748552,32.71200839101664,33.304487985859225,20384627,31.53756966063872
2025-06-26,32.595306396484375,33.02619933678486,32.496559803734854,32.88256953240734,23717707,31.572249553617265
2025-06-27,32.55940628051758,32.64019607746068,32.26316644355373,32.31702630818246,14240265,31.604615347941863
2025-06-30,33.16984176635742,33.178818411145194,32.24521560869722,32.45168549315368,30712643,31.655934246906305
2025-07-01,33.32041549682617,33.38328557690343,33.05996129833815,33.167732529004944,18712010,31.710507402641383
2025-07-02,33.050960540771484,33.482062895197,32.82643019652369,33.32039907118077,20331479,31.754456685858763
2025-07-03,33.868263244628906,33.94909517981151,33.08689728147505,33.08689728147505,13945170,31.823761818933193
2025-07-04,33.88623046875,34.119745377170624,33.75151290805507,33.85928766238197,7528785,31.891383741878006
2025-07-07,33.437171936035156,33.93114106518763,33.36532444732574,33.89521732083292,13885121,31.942065322014304
2025-07-08,33.35633850097656,33.518002401103104,33.140788986711094,33.3743003723562,21526588,31.988434934439294
2025-07-09,32.66477966308594,33.311428094692396,32.56598585863043,33.302447160546826,16093132,32.0106101714441
2025-07-10,31.65888023376465,32.24265860641389,31.649899299481916,32.24265860641389,39571879,31.999078042339853
2025-07-11,31.398422241210938,31.613971719564727,31.191853697050696,31.569067048596978,43139284,31.979384409515955
2025-07-14,31.34453773498535,31.461293412449237,30.994267173739274,31.37148053851061,26665052,31.958569764449376
2025-07-15,31.45231056213379,31.631936299069768,31.155929154845687,31.344535825743044,27356285,31.941971102078373
2025-07-16,31.604991912841797,31.703785721349497,31.326575885201,31.51518256770246,27655294,31.930922604070616
2025-07-17,32.08099365234375,32.188768377110065,31.60498655946114,31.62295195430038,25587775,31.935842966309078
2025-07-18,31.49721336364746,32.0809952096346,31.425365896218153,31.81155662021269,32227155,31.921461667861156
2025-07-21,31.86545181274414,31.95526469297366,31.44333374586367,31.47925748641361,12354541,31.919625279168795
2025-07-22,31.434350967407227,32.098961301736196,31.380461830887718,31.8834118133671,23330324,31.903714645996285
2025-07-23,31.78461456298828,31.910351162783044,31.30861096472508,31.398420301111283,13271962,31.899809725241923
2025-07-24,31.48823356628418,31.676840232798867,31.299626899769496,31.676840232798867,11460089,31.886315424948226
2025-07-25,31.622957229614258,31.87443045306825,31.461293351069248,31.461293351069248,18518061,31.877680730019243
2025-07-28,30.958335876464844,31.721743354111187,30.670935455808024,31.68581609599561,17849385,31.847538275804343
2025-07-29,31.137969970703125,31.308614788385594,30.868531342076256,30.931401414078877,16655821,31.82427374121086
2025-07-30,31.49721336364746,31.66785815650007,30.814641249945023,30.994263447372298,19531787,31.813550450143207
2025-07-31,31.578044891357422,31.631934020097372,31.111018714742354,31.14694597685364,22001830,31.805828956412526
2025-08-01,31.387231826782227,32.13304837163246,31.216501334459096,31.98927774115724,16498643,31.792104460359074
2025-08-04,31.719707489013672,31.95333611441886,31.477093418833412,31.84550724649134,17430072,31.78973078916742
2025-08-05,32.070159912109375,32.28581768800488,31.504055602413196,31.647829806761727,49690805,31.79892518664093
2025-08-06,32.47451400756836,33.382075730990245,32.438568696831474,32.60929921360815,41157358,31.82107563978609
2025-08-07,33.049591064453125,33.25626330457154,32.44754522921674,32.564363043740855,26887326,31.861354834037467
2025-08-08,33.27424240112305,33.38207479969866,33.02264288611764,33.05858466522509,18329262,31.907679016564863
2025-08-11,33.48090744018555,33.579750841947906,33.01365029049139,33.07655192093139,22695226,31.959260276355703
2025-08-12,34.172821044921875,34.38847879590563,33.59773135521396,33.660633003678754,27812781,32.03183603925951
2025-08-13,33.849327087402344,34.253686165578024,33.831356200483626,34.07397023513858,22618491,32.09142590969042
2025-08-14,33.80440139770508,34.14586242275878,33.498889213120144,33.56178732674725,26818728,32.147589040445
2025-08-15,33.68758773803711,33.993099896528605,33.561784460274325,33.68758773803711,19527976,32.19808080102179
2025-08-18,33.93020248413086,34.19977287200509,33.70555931736019,33.78642831534661,21658634,32.25487167587782
2025-08-19,32.94432067871094,33.497780412097704,32.56325407507611,33.4887040874286,40817973,32.27747656121661
2025-08-20,32.962467193603516,33.143929523634355,32.70842278350848,32.90803063355537,16894884,32.299935270475196
2025-08-21,32.9987678527832,33.053204422818716,32.65398864948168,32.70842878445301,16147619,32.32284781415743
2025-08-22,33.92421340942383,33.95143525564333,33.01690884713546,33.11671277677942,32623087,32.37535160416616
2025-08-25,33.751827239990234,34.09660282946513,33.670168831580696,34.00587166066956,11064054,32.42048195288171
2025-08-26,33.52500534057617,33.83348992752285,33.162080619492656,33.797195316453035,22088247,32.45669583444546
2025-08-27,34.08753204345703,34.10567756528008,33.2528095201124,33.38890449872082,12612968,32.51016587408518
2025-08-28,34.79522705078125,35.13092984819631,34.22362537571614,34.332502055011155,25167947,32.58508591266538
2025-08-29,34.92226028442383,35.06742804771126,34.768019758739435,34.90411475962991,32600942,32.661714580591884
2025-09-01,35.201507568359375,35.46474540199775,34.938266168150975,35.02903894178939,14863209,32.74498648183016
2025-09-02,34.6024169921875,34.92919690902162,34.45717909588068,34.629647760280974,24358676,32.80588584282548
2025-09-03,34.30286407470703,34.756724426017406,34.15762976092743,34.60241319053723,20686108,32.854967096329794
2025-09-04,34.439029693603516,34.811197838512484,34.04871126752806,34.29379534513024,15877244,32.90690357492893
2025-09-05,34.820274353027344,35.23782711237186,34.57519027830642,34.78396665797868,15664343,32.96963704306331
2025-09-08,34.65687942504883,34.865655764156706,34.28471135682586,34.82026758759339,11800195,33.024956465423486
2025-09-09,34.35733413696289,34.82934839989211,34.3119459553299,34.82934839989211,19497179,33.06864097924445
2025-09-10,34.38456726074219,34.81119693782602,34.31194830509882,34.366413413474135,14517129,33.11178610322798
2025-09-11,34.4481086730957,35.16520702671142,34.4481086730957,34.538877907803176,18078972,33.155599957977735
2025-09-12,33.93069839477539,34.27563210700607,33.82176820504961,34.23932442147767,22589754,33.181013021479295
2025-09-15,34.49348449707031,34.65687621103275,33.95792831596929,34.048701094107294,14196181,33.22404487313801
2025-09-16,34.40271759033203,34.72042058475127,34.193941234954515,34.665955481945005,19993536,33.262689880259124
2025-09-17,34.89288330078125,35.237817004514056,34.36640404073846,34.429942488847814,25226348,33.31613884486641
2025-09-18,34.93827819824219,34.9927433078069,34.63872901206443,34.892893579080976,15433005,33.3693237416984
2025-09-19,35.40121078491211,35.40121078491211,34.9019622592031,34.94734686764465,26702853,33.43594298901688
2025-09-22,34.89288330078125,35.274124689147975,34.747645429105184,35.156121147517545,18325039,33.48371152382882
2025-09-23,35.446598052978516,35.61906671113784,34.92011872270185,34.92011872270185,16930110,33.54806845921078
2025-09-24,35.21058654785156,35.52828949087729,35.13796761138075,35.45567055440648,18713452,33.60257724900228
2025-09-25,34.92919921875,35.41937090969968,34.920122295451954,35.22874838729863,15146768,33.646073051289086
2025-09-26,35.1016731262207,35.27413826115937,34.93828134936137,34.98366953918744,12786935,33.6937976439098
2025-09-29,35.30136489868164,35.72799453046668,35.27413056410009,35.47382999598723,19124422,33.74650476701707
2025-09-30,35.464752197265625,35.855074128727914,35.14704921194232,35.764301337696864,33263438,33.8028407483367
2025-10-01,34.826927185058594,35.789547975482144,34.78152205879547,35.65332902850996,25519177,33.83641735281938
2025-10-02,34.44550704956055,35.14477091440694,34.40918295150503,34.89049152347074,17094601,33.8563875068109
2025-10-03,34.69978332519531,34.69978332519531,34.25479889123525,34.427341909690796,17766985,33.884039828725136
2025-10-06,34.30021286010742,34.736116382843754,34.30021286010742,34.69071125263502,14832309,33.897684846147506
2025-10-07,33.75532913208008,34.26388079799664,33.57370149814836,34.254803341300985,20705472,33.893017445686276
2025-10-08,33.81889724731445,34.009605911431386,33.64635420164232,33.82797827244547,15395204,33.89058727524785
2025-10-09,33.764408111572266,33.98235983181415,33.5646184399868,33.98235983181415,18067539,33.88645025348799
2025-10-10,33.72808074951172,34.10949804745766,33.62818591282028,33.9369514473045,23250808,33.881257810734674
2025-10-13,33.86430740356445,34.08225915248658,33.85522637804127,33.85522637804127,8194989,33.88070205967991
2025-10-14,34.00960159301758,34.36377580088666,33.773487833226405,33.773487833226405,21154861,33.8849282738877
2025-10-15,34.00960159301758,34.23663432883081,33.655430953330814,33.89154471312199,21972166,33.88901592369524
2025-10-16,33.92787170410156,34.327451065956495,33.69175792416278,33.891547605090246,15847580,33.89028988370856
2025-10-17,34.04593276977539,34.16398609366873,33.610025732948124,33.73716721812169,17469315,33.895392929153374
2025-10-20,34.654380798339844,34.82692741564777,34.12766348928614,34.16398759053715,19114019,33.92027777732342
2025-10-21,34.327449798583984,34.717948121268854,34.300206725331314,34.654377382163474,14013871,33.93362767965983
2025-10-22,34.608970642089844,34.608970642089844,34.27296204980136,34.44550507385095,13890374,33.955770071870646
2025-10-23,34.581729888916016,34.81784366493114,34.40010226051243,34.73611087533127,11432588,33.97629334456066
2025-10-24,34.53632736206055,34.981315487892836,34.49092223094664,34.8541739844075,10169911,33.99465511562623
2025-10-27,34.826927185058594,35.063040977992465,34.68162364465097,34.79968410930072,11194349,34.021942724460075
2025-10-28,34.94498062133789,34.94498062133789,34.6816202105408,34.727028900490446,10478499,34.052206262062626
2025-10-29,35.72597885131836,35.880359840380606,35.00855291818764,35.00855291818764,27235466,34.10708405187429
2025-10-30,35.680572509765625,36.03474320319147,35.43537768879257,35.66241045905397,18657008,34.15867383737892
2025-10-31,35.816795349121094,35.98933840061901,35.70781590750373,35.816795349121094,16449821,34.21303847710817
2025-11-03,36.41429138183594,36.45972040316144,35.93276731633418,36.25075618649235,17968144,34.28521070349269
2025-11-04,36.30526351928711,36.49605753847355,36.1689836069167,36.387032894621264,20386481,34.3514419433548
2025-11-05,36.459720611572266,36.486975882655315,35.70562955336714,36.30526693587479,36312135,34.420565834116026
2025-11-06,36.459720611572266,37.05935442429982,36.350695957459976,36.4233766803481,23226500,34.48742336780312
2025-11-07,36.49605941772461,36.52331468764616,36.13264153965074,36.459719057829204,12706904,34.553280287472674
2025-11-10,36.741363525390625,36.81404781404903,36.541484408914926,36.6595941468724,16552409,34.62502072150277
2025-11-11,37.45002746582031,37.586307390567605,36.74136543153022,36.88673401638875,37289193,34.71764389344761
2025-11-12,36.59599685668945,37.568133555581404,36.459716945198366,37.45002382298516,36789128,34.77922923650472
2025-11-13,36.741363525390625,37.29557185573875,36.505144049475675,36.75953370511025,33686974,34.84356150827147
2025-11-14,36.88673782348633,36.959418553636915,36.53240498488038,36.72319904108659,17006742,34.91055089565556
2025-11-17,36.614173889160156,36.97759181420196,36.514234316751704,36.88673733294151,43985120,34.96640738724587
2025-11-18,36.43246078491211,36.65959517735186,36.25075541282831,36.29618086340426,17147337,35.01447471175952
2025-11-19,36.20532989501953,36.52331878915381,36.10539032430417,36.38703885446208,25766686,35.05351914399755
2025-11-21,36.31435012817383,36.36886423727071,35.93276564361534,36.205325479759985,16502454,35.094857864790214
2025-11-24,36.17807388305664,36.496062770695616,36.08721940519118,36.268928360922104,29014997,35.13037314407764
2025-11-25,36.25983810424805,36.54148301874729,36.096299353433196,36.3416039098757,30345963,35.16740478211601
2025-11-26,37.11387634277344,37.16838689640527,36.314359664593006,36.43246943390951,22251296,35.231223521809696
2025-11-27,36.98666763305664,37.14112129832024,36.86856146634191,36.9412421843202,9469408,35.28877906644074
2025-11-28,37.83161926269531,38.076923865342316,37.43186096965543,37.49546017801375,45311657,35.372150876154
2025-12-01,37.53862380981445,37.94764052980174,37.402282522289426,37.91128118652457,15912985,35.443182775618276
2025-12-02,38.37483215332031,38.37483215332031,37.66586965568941,37.684047540268274,21175667,35.53930242734621
2025-12-03,38.37483215332031,38.59297391085388,38.102153170756544,38.447547262929376,23159653,35.632270615083065
2025-12-04,39.32011795043945,39.32011795043945,38.492995554817234,38.50208449795207,23199514,35.7531836424718
2025-12-05,37.50226593017578,39.44736766177776,37.40228398202582,39.36556360032887,39832160,35.810530602724384
2025-12-08,37.68404769897461,38.2475799797607,37.46590594052234,38.129420158206855,40458400,35.871957392765374
2025-12-09,37.60224533081055,37.720408728950176,37.02053513931619,37.60224533081055,24725047,35.92868814483243
2025-12-10,37.8981819152832,38.09036053541952,37.36968221494958,37.66756077515262,25643189,35.99326171107671
2025-12-11,37.86935043334961,38.205667724868434,37.6867767870399,37.85974169149511,21275268,36.054772816725006
2025-12-12,38.20566940307617,38.49394299798508,37.81169964312496,38.148016949416736,17595593,36.1252940162775
2025-12-15,38.78221893310547,38.993618827020924,38.34020165956178,38.609254010615565,17767809,36.21240630863252
2025-12-16,37.78287124633789,38.6380795495928,37.78287124633789,38.590035836168326,20379168,36.26389696232777
2025-12-17,37.44655227661133,37.80209084244418,37.23515617131609,37.571473477088254,31625017,36.30267254640264
2025-12-18,37.63873291015625,37.72521536199873,37.3024156201351,37.3024156201351,21898830,36.346477804230624
2025-12-19,37.98466491699219,38.43629095533192,37.65795631739135,37.811703761637425,35446214,36.40018885710805
2025-12-22,38.0615348815918,38.16723482324941,37.75404379899355,37.92700871281046,15858704,36.45465921856653
2025-12-23,38.68612289428711,38.7726015691871,38.186449450513265,38.2441056759836,10490138,36.52782196203278
2025-12-26,38.69861602783203,38.81738688188557,38.31262019100143,38.61943923400036,12196300,36.598995537960626
2025-12-29,38.57984924316406,38.866873146006895,38.46108216374328,38.777796892556964,10657000,36.66394156108205
2025-12-30,38.8272819519043,39.26276374994223,38.748105159323444,38.8272819519043,13764900,36.734870754223756
2026-01-02,38.76607131958008,39.37999014141258,38.76607131958008,39.241363676220196,18846800,36.8014674940715
2026-01-05,39.330482482910156,39.746361891744314,38.676954999536484,38.85519011111912,24438700,36.88438601829572
2026-01-06,39.5681266784668,40.08302769090573,39.5681266784668,39.69685287589853,21959800,36.97237751535051
2026-01-07,38.93440628051758,39.587933808586335,38.80568007395135,39.508720296514376,20894500,37.036706327323195
2026-01-08,39.538421630859375,39.696852419226616,38.845285515269715,38.964107662223164,17209400,37.11872977989815
2026-01-09,39.459197998046875,39.894885428909596,39.37998450525468,39.5384152681264,17023600,37.19546644278827
2026-01-12,39.10274124145508,39.51862067989807,39.10274124145508,39.45920771271124,10672200,37.25800004274456
2026-01-13,38.78587341308594,39.18195228142963,38.78587341308594,39.08293445298773,17397400,37.30809425160821
2026-01-14,39.2116584777832,39.271071443650435,38.835387692488645,39.08293605100315,21222100,37.37050619345001
2026-01-15,39.54832077026367,39.825577474934185,39.271067842880996,39.409694306572334,19093500,37.44190995006685
2026-01-16,39.221561431884766,39.696853813682374,39.07303091000948,39.57803166255499,19742500,37.500259178978915
2026-01-19,39.162147521972656,39.47900910218602,39.14234320104833,39.3304823611855,7190900,37.554747321372155
2026-01-20,39.52851486206055,39.69684968784276,38.68685206501257,38.964104981256575,20693900,37.61946101123079
2026-01-21,41.2613525390625,41.36037413433395,39.84537961091323,39.87508420085085,39510800,37.73886729083183
2026-01-22,42.65753173828125,43.1427243691314,41.489103271945105,41.54851245604796,42959700,37.90013497763345
2026-01-23,43.14272689819336,43.47939281123411,42.617925595651755,42.766452341903545,41025100,38.07202323732394
2026-01-26,43.717041015625,43.905176405651666,42.855570020346796,43.08331405373322,25371700,38.25710578743217
2026-01-27,44.87556457519531,45.61820962501954,44.25174167570231,44.34085923277274,40280000,38.474104436211285
2026-01-28,45.885562896728516,45.964776405556634,45.18252648024352,45.19242675236399,36337500,38.717103074261026
2026-01-29,45.697425842285156,46.58859761487734,45.20232915397129,46.22222712316571,36252700,38.94596611583559
2026-01-30,45.053802490234375,45.925173793840074,44.53890143707139,45.63801678350697,38117000,39.146223046143746
2026-02-02,45.448238372802734,45.666165450326304,45.002472429779935,45.35908518419817,28095400,39.352846499476826
2026-02-03,45.70578384399414,46.537878900582236,45.45813655070956,45.86427796054436,48570600,39.56113952716591
2026-02-04,44.20009231567383,45.54729433194184,43.63545673220829,45.46804915505453,48683500,39.71323633990388
2026-02-05,45.09162139892578,45.448234119973904,44.31896302252016,44.81425762868744,36014400,39.8895768336423
2026-02-06,46.3100471496582,46.49825774562105,44.68548139436345,45.1609637779523,38175900,40.10008405711823
2026-02-09,47.855369567871094,47.944522754392004,46.300144697627225,46.55769624824416,41656900,40.354355713208484
2026-02-10,47.96432876586914,48.72708292742823,47.73649369612521,47.85536712461616,43939300,40.60386302641047
2026-02-11,48.905391693115234,49.20256772134088,48.142637494097215,48.34075610584705,45819200,40.87604429417128
2026-02-12,47.7860221862793,48.63792567979865,47.41950148060018,48.588396978133225,42023800,41.10260094637154
2026-02-13,47.3204460144043,47.61762201535991,46.16145469824017,47.61762201535991,32353500,41.306464719093924
2026-02-18,47.53837585449219,47.96432572041295,47.07279773612591,47.617621022989844,23368500,41.510789674352885
2026-02-19,48.093109130859375,48.70727343077123,47.478944830947526,47.647343195924066,32026400,41.726603427025225
2026-02-20,48.76670837402344,48.82614508945167,47.568096287206565,47.59781275552163,31655900,41.95742654004156
2026-02-23,47.003456115722656,48.42990313719629,46.844962002225586,48.34074996217933,34148200,42.12287013268684
2026-02-24,47.716678619384766,47.89498497271573,46.80533839462455,47.19166756724237,38465900,42.30627368962776
2026-02-25,47.34025955200195,48.043576988635415,46.62703410707903,47.88508286518565,28980200,42.471322406426914
2026-02-26,47.22138595581055,47.69687210325102,46.716187120002246,47.34025938206965,26516600,42.62706219493129
2026-02-27,46.33976364135742,47.171858757761186,45.844469019183705,47.15204651941847,44765800,42.748790111207555
2026-03-02,45.50553894042969,45.91184204051244,45.16861130082999,45.416354880724136,47144000,42.839175318723036
2026-03-03,43.97944259643555,44.465017909715804,43.04792429050119,43.82088685206097,54352300,42.87656113110705
2026-03-04,44.603755950927734,45.079426988179236,44.11818061329001,44.83168338889994,27146100,42.93319046946183
2026-03-05,43.11729049682617,44.59384387971648,42.938918599152935,44.39564826197546,37085400,42.93922653593279
2026-03-06,42.54253005981445,43.196572993623086,42.26505844555238,43.06774526688688,26063600,42.92622009409284
2026-03-09,42.77045440673828,42.889370274745225,41.967763792090004,42.13623140367819,40970400,42.921113022376296
2026-03-10,43.40467834472656,43.80106962031095,42.43352387783891,43.186666545395774,50383100,42.93696762310909
2026-03-11,43.49386215209961,44.03889727019335,42.81009123452022,42.879459134263044,18482600,42.955226460125175
2026-03-12,42.30469512939453,42.82991412395974,41.91821572413625,42.70108639545123,27095200,42.93389756403565
2026-03-13,42.01731491088867,42.958737540657026,41.94794700722716,42.44343419353355,24896600,42.90384567376853
2026-03-16,42.611900329589844,43.0776595196221,42.46325265354244,42.85964393615723,17777300,42.89427369527087
2026-03-17,42.32451629638672,42.98847111921886,41.88848891531139,42.51280385433648,22436600,42.87559312481565
2026-03-18,41.89839553833008,42.65153818338977,41.88848745785675,42.11641111141587,23872800,42.843553859684974
2026-03-19,42.1956901550293,42.21550631563724,40.99660830382035,41.3236316578593,32908000,42.82231242674544
2026-03-20,41.515140533447266,42.23453770337748,41.16543569334058,42.07467208911486,37660900,42.7794543318832
2026-03-23,42.74410629272461,43.10380486199525,42.02471296568005,42.504309787542,27535500,42.77829537977964
2026-03-24,42.504310607910156,42.77408454007,41.92479538812306,42.464343252442745,18609000,42.76931227250523
2026-03-25,43.063838958740234,43.46350489617739,42.81404870071623,43.11380005954252,35148900,42.77896888516867
2026-03-26,41.90481185913086,42.804058302855545,41.90481185913086,42.65418262506916,18260900,42.75030799906907
2026-03-27,41.415225982666016,41.77492456788144,41.145452043754446,41.77492456788144,27910700,42.706534818203394
2026-03-30,41.56509780883789,42.02471478474334,41.19540929063944,41.96476375010431,18528100,42.6691106539619
2026-03-31,43.44352340698242,43.60338902771247,42.11464114931964,42.25452309102129,33419700,42.694501236028145
2026-04-01,43.81155014038086,44.26135764750632,43.48168723452476,43.82154425278953,26681100,42.73112579026922
2026-04-02,43.281768798828125,43.99146895501712,42.45212023346001,42.60205479166112,17811800,42.749179659402294
2026-04-06,43.4716911315918,43.72158587437078,43.181812314826296,43.33174687263899,11004600,42.772868560129815
2026-04-07,43.44170379638672,43.451701722033484,42.62204929555613,43.28177130386103,20302000,42.79479758426938
2026-04-08,44.961063385009766,45.71074764205591,44.681182482568424,45.68076149196328,35777600,42.865822692490376
2026-04-09,45.73073959350586,45.9406502699407,44.97106122555971,45.180971901994546,22162900,42.959754394163014
2026-04-10,46.05060577392578,46.36047664706156,45.750732826457416,45.81070894118765,29705900,43.06109378366343
2026-04-13,45.810707092285156,46.02061776573196,45.22095533372658,45.74073305471163,31011600,43.151245039683815
2026-04-14,46.51041030883789,46.82028117594145,45.830696274159415,45.98063465152047,23343300,43.26138160588559
2026-04-15,47.020198822021484,47.39004199809622,46.350478884332794,46.350478884332794,28907200,43.384621514611354
2026-04-16,46.96022033691406,47.4500157181501,46.500414918180624,47.25009915819476,22566300,43.50185426288357
2026-04-17,46.780296325683594,47.879835510912976,46.73031813842118,47.48000238663115,39165500,43.60934416658193
2026-04-20,46.35047912597656,47.01020114140209,46.210538670142576,46.7802984192332,19194500,43.699217443939126
2026-04-22,45.011043548583984,46.240525326535796,44.961065358538754,46.240525326535796,25440000,43.74222813589469
2026-04-23,44.161399841308594,45.10100271404812,44.10142372952433,44.88109793035492,20444200,43.75597147049842
2026-04-24,44.351318359375,44.501256731896945,43.87152090563246,44.44128062026993,18234600,43.775491040625525
2026-04-27,43.97148132324219,44.54124104088016,43.961483398039434,44.481264928937286,13718400,43.78191695153099
2026-04-28,44.0814323425293,44.59121976748764,43.181813531041904,43.6616109931201,27131800,43.79173712828503
2026-04-29,42.851951599121094,43.99147107393753,42.74199729662278,43.831538582964896,18628100,43.76092448798457
2026-04-30,43.171817779541016,43.54166477331913,43.111845476943515,43.30176412365472,22735500,43.741609513937235
2026-05-04,42.400001525878906,43.25,42.25,43.11000061035156,25336300,43.697622366787776
2026-05-05,42.459999084472656,42.70000076293945,42.119998931884766,42.5,29386700,43.657044554252856
2026-05-06,41.779998779296875,43.290000915527344,41.540000915527344,43.2400016784668,38718400,43.595502069828065
2026-05-07,40.790000915527344,41.869998931884766,40.52000045776367,41.790000915527344,36335300,43.50351842542476
2026-05-08,41.2599983215332,41.54999923706055,40.97999954223633,41.15999984741211,35920000,43.42996038923159
