Date,Close,High,Low,Open,Volume,EMA_60
2021-05-03,17.98125648498535,18.16815911002465,17.77501958589321,17.85235807486313,46978032,17.98125648498535
2021-05-04,17.21430206298828,18.271264448374385,17.175633539682995,18.110143280006273,89509379,17.956110438362497
2021-05-05,17.704118728637695,17.82012711481795,17.09185394827949,17.33676069607758,56856659,17.94784841509283
2021-05-06,17.594552993774414,17.800789779710627,17.45921036414586,17.633221520663845,27016611,17.93626495865616
2021-05-07,17.807233810424805,17.852348019643514,17.55588281827549,17.66544689263361,30255405,17.932034429205952
2021-05-10,18.07147216796875,18.200369094132807,17.73633709587558,17.833011183256176,32535114,17.936606158345715
2021-05-11,18.032800674438477,18.14880901202757,17.865233849452803,17.878123819491307,28633629,17.939760076906133
2021-05-12,17.76856803894043,17.91680066260645,17.646115365327102,17.852350787474723,26098428,17.934147223202338
2021-05-13,18.284156799316406,18.41305514353929,17.768566207940527,17.79434615533667,48363464,17.945622947009355
2021-05-14,18.690181732177734,18.806190084260454,18.264819631551237,18.471056392418827,50573834,17.970034710457497
2021-05-17,18.67729377746582,18.709516618528582,18.284154503686842,18.60639962740631,42125619,17.99322353232662
2021-05-18,18.63862419128418,18.85130525247126,18.483947309104064,18.56128575019412,29956293,18.01438420966949
2021-05-19,18.773969650268555,18.844863812303664,18.174594900239644,18.387275993587085,29980879,18.03928865034487
2021-05-20,18.8770809173584,19.154210384498008,18.728848358560057,18.812631070430406,36382216,18.066757249263343
2021-05-21,18.967313766479492,18.999538001135566,18.65151431698919,18.90286529716734,31633020,18.096283692450758
2021-05-24,18.91575813293457,19.076880735225778,18.819085407214647,19.025322226726754,28429122,18.12315170689285
2021-05-25,18.721269607543945,18.96658364313272,18.579246867002418,18.92784940749,38124430,18.142762129865016
2021-05-26,18.9794979095459,19.089242834428,18.772918078530065,18.772918078530065,23792660,18.170196089854553
2021-05-27,18.818105697631836,19.044051932252575,18.637348709935246,18.979496263810738,67821833,18.191439027814464
2021-05-28,19.127975463867188,19.198986141296412,18.721270845485137,18.76000508368915,29988923,18.22214514047193
2021-05-31,19.069881439208984,19.321650587449007,18.973046507543685,19.153803558572463,17563652,18.249939773217406
2021-06-01,19.764205932617188,19.764205932617188,19.24749537798071,19.273329928664314,48906171,18.2995878440174
2021-06-02,20.423011779785156,20.53281244562094,19.783581252873578,19.79649922458067,64182184,18.369208300927816
2021-06-04,20.84929656982422,20.913885028557562,20.306750166585132,20.390714883781897,41730769,18.450522670399828
2021-06-07,21.34017562866211,21.43060004252156,20.58448468787972,20.849299640946597,67509805,18.545265390342852
2021-06-08,21.191619873046875,21.411221211359297,20.836380525599715,21.198078161204222,81765550,18.632031111087244
2021-06-09,21.48227882385254,22.082955718431034,20.93973213143115,21.1012047601138,101547730,18.725481855768074
2021-06-10,21.40476417541504,21.88272219207746,21.26266926559322,21.70187336369526,56582926,18.81332717772371
2021-06-11,21.152873992919922,21.411229345677075,20.90097693077368,21.340182565822772,26202324,18.890033630680964
2021-06-14,21.08182144165039,21.353094697148453,20.900971208868487,21.27558685633484,26905690,18.961895526122586
2021-06-15,21.08182144165039,21.204540095930486,20.85575899961881,21.15932788668081,19955642,19.03140129384481
2021-06-16,21.50164794921875,21.708331324403527,20.959100076482272,21.107654668378995,75863980,19.112392987463625
2021-06-17,21.2497501373291,22.17983017437587,21.223914193026953,21.74062470437158,56128933,19.18247027106577
2021-06-18,20.862215042114258,21.294960796750363,20.72012015032932,21.15286450918247,46601083,19.23754387011654
2021-06-21,20.95909881591797,21.14640731452435,20.707201853687394,20.810544232955912,31004431,19.293988294569044
2021-06-22,20.687829971313477,20.96556293607539,20.545735042116284,20.817008321679094,46060415,19.339688021675418
2021-06-23,20.53926658630371,21.068894944654186,20.442383911737526,20.70073910636341,32356327,19.379018466417328
2021-06-24,20.545740127563477,20.797635809661084,20.332595587335533,20.77825954083442,26939907,19.417271635635235
2021-06-25,19.893383026123047,20.752414932526296,19.770664381748738,20.655532233004394,44105310,19.432881845159425
2021-06-28,19.667329788208008,19.957979397680987,19.40897442470051,19.919226860835863,40825275,19.440568662964296
2021-06-29,19.473554611206055,19.660863112016308,19.266869850237168,19.544602759498428,34621647,19.441650169464026
2021-06-30,19.24749183654785,19.551059266436624,19.22811557815448,19.376668753547545,25504056,19.435284322483167
2021-07-01,19.186107635498047,19.373510513080273,18.947008231005807,19.250730039743463,22975087,19.42711459504103
2021-07-02,19.392900466918945,19.451059944285188,19.108566020065425,19.30889202261513,28580038,19.4259928203485
2021-07-05,19.127948760986328,19.295965620729916,19.095638256108362,19.205494251990714,13798920,19.41622088397597
2021-07-06,19.095640182495117,19.211959128979245,18.888851254631444,19.050405191805346,27612682,19.405710041304467
2021-07-07,19.179645538330078,19.347662400253515,18.837153064991078,19.11502452773576,44403516,19.39829809038727
2021-07-08,18.927629470825195,19.173190511724723,18.714377549716456,18.83715946665307,55591098,19.38286633236884
2021-07-12,19.186107635498047,19.38643359744304,18.947008231005807,18.99870615440214,30539448,19.376415227553405
2021-07-13,19.302425384521484,19.405819828495677,18.843612626666385,19.063325994672326,35688706,19.373989331060553
2021-07-14,19.328269958496094,19.935712048325904,19.27011190196221,19.51567279561421,48257302,19.372490335238766
2021-07-15,19.095640182495117,19.43167114290871,18.985784175530384,19.295967567325892,25655652,19.36341328105045
2021-07-16,18.785457611083984,19.250733417339667,18.753147101535465,19.237808934222947,21614354,19.34446391482204
2021-07-19,18.675588607788086,18.798369017255812,18.488187224176414,18.54634526301461,39053943,19.3225335768865
2021-07-20,18.921154022216797,19.043935857990867,18.494653254903053,18.591584739661293,29845712,19.309373591487493
2021-07-21,18.998699188232422,19.166714584692397,18.88884183953929,18.90822785546157,15188431,19.29918754547913
2021-07-22,18.804840087890625,19.076249972494935,18.70790718825412,19.011627573908534,19526235,19.28297943211557
2021-07-23,18.75314712524414,18.953474519076725,18.610980603753603,18.87592901676493,18986587,19.265607881070604
2021-07-26,19.082719802856445,19.21842480410325,18.791923770609515,18.791923770609515,27382004,19.259611550637352
2021-07-27,19.270112991333008,19.399356382737565,18.95346814870224,19.063324123680154,41281308,19.259955860168358
2021-07-28,19.89694595336914,20.17481884290683,19.451058976556048,19.483369485377203,78928065,19.280840781256906
2021-07-29,19.793548583984375,20.019723493087028,19.580296758413677,19.955102489482336,26288092,19.29765087314961
2021-07-30,19.58030128479004,20.09081068284847,19.42521028169191,19.644923699819714,48144908,19.30691809976077
2021-08-02,19.69991683959961,20.372311847841647,19.69991683959961,19.91327300172174,42392667,19.31980330434565
2021-08-03,19.893863677978516,20.32057570857894,19.49947674983044,20.301180088236467,62356921,19.33862495594017
2021-08-04,19.337844848632812,19.868003968203865,19.28612272332671,19.771024459313242,57249470,19.338599378651402
2021-08-05,19.396041870117188,19.764567244081288,19.202082764763748,19.525349337531253,55969180,19.34048273902733
2021-08-06,19.939125061035156,20.068432482700153,19.363708501662767,19.473620299090292,37719836,19.36011035614234
2021-08-09,20.1718807220459,20.320582389800165,19.89387021890069,19.89387021890069,38432832,19.386725777975244
2021-08-10,19.790420532226562,20.15247960914575,19.76455877039581,20.146014867276982,35944764,19.399961671557254
2021-08-11,20.010238647460938,20.230060799348674,19.48654572471196,19.65464575701428,39474399,19.41997075273442
2021-08-12,19.635251998901367,20.100756741150008,19.635251998901367,19.939124217380115,30945175,19.427029154248093
2021-08-13,19.900331497192383,20.00377715031587,19.473619400588653,19.667579825547953,34220225,19.442547263852823
2021-08-16,19.682260513305664,20.21421437160787,19.63684992066335,19.889852194501273,40491380,19.450406714654555
2021-08-17,19.610898971557617,19.837953317706564,19.293024849619638,19.662797588474245,44072680,19.45566875586449
2021-08-18,19.649816513061523,20.188256777128142,19.468174217025616,19.539534091013174,53791214,19.46203425610046
2021-08-19,19.396820068359375,20.000132358543876,19.234638998483195,19.396820068359375,45082749,19.459896086010588
2021-08-20,19.325454711914062,19.416275854485022,18.942707466860025,19.202196245361765,39317932,19.45548817210578
2021-08-23,19.533048629760742,19.610895138010676,19.3189703815966,19.370868988368066,24393150,19.458031137930533
2021-08-24,20.077972412109375,20.116896361028317,19.617380060390587,19.62386808616393,34165275,19.478357081346232
2021-08-25,20.103923797607422,20.142847750565572,19.799024406110398,19.948230789589193,19855031,19.498867465485944
2021-08-26,19.617389678955078,20.071495629459374,19.571979083904647,20.04554631745692,39789600,19.502753439698047
2021-08-27,19.95471954345703,20.019592805309777,19.52656302476558,19.7341546588797,25233269,19.51757200047703
2021-08-30,19.81199836730957,19.980666020441408,19.68225326387354,19.909306143456238,21302552,19.527225323979735
2021-08-31,20.071489334106445,20.285567586212466,19.80551247427334,19.870385733932196,49407297,19.545070045623234
2021-09-01,20.159114837646484,20.52906697126921,20.120173393636303,20.159114837646484,32612838,19.565202661755144
2021-09-02,19.43218231201172,20.055257699268587,19.328336180371092,20.048767929672817,36876544,19.560841338812736
2021-09-03,19.321857452392578,19.574981052667365,18.997337930243187,19.555510330166467,56222519,19.55300580155306
2021-09-06,19.5684871673584,19.64637144358356,19.224496994992144,19.256948659870343,30840146,19.553513387317167
2021-09-08,18.640365600585938,19.536038417279215,18.543010591425862,19.497095572062612,54336867,19.52357411562106
2021-09-09,18.886995315551758,19.153099771323557,18.406707377336573,18.796128703171796,63103001,19.502702679553213
2021-09-10,18.698772430419922,19.250454824665933,18.555984854577055,19.14660867742243,40810093,19.47634431072917
2021-09-13,18.932432174682617,19.094690512496406,18.78964315430145,19.036278352435957,35205595,19.45851112594076
2021-09-14,18.81560516357422,19.055749188101036,18.757191600571748,18.886999674198076,27397073,19.43743224192874
2021-09-15,18.510555267333984,18.86752496636858,18.510555267333984,18.8545454231131,29908367,19.407042832925633
2021-09-16,18.497568130493164,18.601414259891882,18.27689493019753,18.380741059596247,52599525,19.37722399022293
2021-09-17,18.05622100830078,18.497567391254027,18.05622100830078,18.47809527849148,49421346,19.333912417045156
2021-09-20,17.647336959838867,17.932913603810807,17.433154827506804,17.71873147147874,49865822,19.27861486107118
2021-09-21,17.60190773010254,17.880994655156513,17.5694560556379,17.731715830548918,38037755,19.223640856777127
2021-09-22,18.01079750061035,18.16656746834528,17.718731090312083,17.73820181030863,43868060,19.18387550083723
2021-09-23,18.633867263793945,18.789635767895938,18.049733269531014,18.12761752158201,56944126,19.16584244388499
2021-09-24,18.374256134033203,18.614401529508974,18.348295644798196,18.49757441889572,46899175,19.13988879438165
2021-09-27,18.854537963867188,19.036268328595728,18.192519805902705,18.452134412288224,66204022,19.13053302944675
2021-09-28,18.42618751525879,19.21801432163198,18.41320656399524,18.770177814685145,69369851,19.107439733899604
2021-09-29,18.75718116760254,18.802613757713473,18.426172096424768,18.594921516467274,59439332,19.095955846480027
2021-09-30,18.776662826538086,18.971374240929183,18.627384028751994,18.880509007719176,47356794,19.085487222875372
2021-10-01,19.26694107055664,19.396816489925637,18.792898385992945,18.90978471977831,48506222,19.091436529356724
2021-10-04,15.805771827697754,16.110977388782715,15.481085448737034,16.07201575303119,66781965,18.98370981782692
2021-10-05,16.188901901245117,16.481119754380117,15.805770299080898,15.974608715391799,55746545,18.892076771381614
2021-10-06,16.2408504486084,16.318775112228902,15.818757234292178,15.9421380686342,44244216,18.805151318175934
2021-10-07,15.896682739257812,16.396702046973203,15.844733428532928,16.31877597591367,43538924,18.709791692637634
2021-10-08,16.01357078552246,16.461639388795216,15.994089968997725,16.01357078552246,55105154,18.621391007158447
2021-10-11,15.734342575073242,16.11097972746211,15.727849435943751,15.961624897647594,48452065,18.52673368151631
2021-10-13,15.753819465637207,15.877200293848048,15.44211942332983,15.779793416676828,47860412,18.43581846132355
2021-10-14,15.675896644592285,15.981102182452828,15.481084270714002,15.864214477462893,41792857,18.34532922143072
2021-10-15,16.078506469726562,16.149937995599704,15.636932443384342,15.72784478419935,59503573,18.271007163997798
2021-10-18,16.188901901245117,16.266826568526795,15.825252518387414,15.961621036959054,32581454,18.202741417678038
2021-10-19,15.805771827697754,16.097991112408828,15.6953786553152,16.039547255466612,47718221,18.124152250793436
2021-10-20,16.227869033813477,16.266832082318597,15.786294833998472,15.94214422138841,42786725,18.061979030564583
2021-10-21,15.896682739257812,16.33176365442359,15.662908736023622,15.831745750023005,80104912,17.99098570953813
2021-10-22,15.286269187927246,15.760311658259058,14.87716369627565,15.662906190238735,105874771,17.90230647932138
2021-10-25,15.584985733032227,15.779798142402322,15.370692503719646,15.370692503719646,45016582,17.82632874993485
2021-10-26,15.41614818572998,15.578492088824833,15.24731114396995,15.383679685774018,32568991,17.74730643635436
2021-10-27,15.533039093017578,15.870714649087489,15.442126713174778,15.507065129716294,33442194,17.67470750706463
2021-10-28,15.500563621520996,15.571995145962603,15.182370435045256,15.370688250110316,41697345,17.60342410098123
2021-10-29,15.136910438537598,15.6758911991485,15.130417303100312,15.54601586057374,39933604,17.52255480057324
2021-11-01,15.739767074584961,15.837247793956909,15.369343992355622,15.408335156601613,40188416,17.46410274398346
2021-11-03,15.889230728149414,16.162174396562044,15.603289541567898,15.603289541567898,70258916,17.412467595923328
2021-11-04,15.050911903381348,16.07120295461417,14.95993062520637,15.908735985193475,81180809,17.33503954043015
2021-11-05,14.86894416809082,15.304354820380354,14.647990514841808,15.27186171868952,126468405,17.25418395445181
2021-11-08,14.790956497192383,15.063900163832876,14.70647333183215,14.816951533361372,37621718,17.17342239847609
2021-11-09,14.641491889953613,15.070404508207217,14.544012579301407,14.855947496891204,49238027,17.090408283442567
2021-11-10,15.011910438537598,15.291352142349412,14.570000472301723,14.641486114542507,54292566,17.022260813117814
2021-11-11,14.979422569274902,15.252367741800851,14.829954566661428,15.226372695964383,44943164,16.955282510041
2021-11-12,14.946931838989258,15.206878101095715,14.790962958222519,14.966427422443132,41650213,16.889434947055694
2021-11-16,14.790956497192383,15.213369515237618,14.660982720725402,14.998913977788368,28013991,16.820632374929026
2021-11-17,14.84945011138916,15.063905728052806,14.72597575054515,14.901438798552459,33810419,16.756003448255587
2021-11-18,14.602498054504395,14.92743187054065,14.420536971303447,14.82345310558418,37668284,16.685396714034237
2021-11-19,14.479018211364746,14.608991969295445,14.355543913738353,14.55700190437206,32752424,16.613056435258187
2021-11-22,14.514896392822266,14.784543759589736,14.389938342309348,14.475435282592727,31671315,16.544264302719302
2021-11-23,14.7582368850708,14.7582368850708,14.409668706525826,14.633278830050893,43766770,16.485706026730828
2021-11-24,15.152848243713379,15.238346641777484,14.560939864915234,14.606977135891055,52266989,16.442005771549926
2021-11-25,15.290953636169434,15.448796656991997,15.159418022359588,15.192302991752367,20130804,16.404266357275155
2021-11-26,15.001578330993652,15.100230409213031,14.784545748666526,14.968694778671837,36577772,16.35827658592166
2021-11-29,14.902931213378906,15.251499509029964,14.863470088468603,15.172578680463632,38197962,16.310560344198947
2021-11-30,14.718780517578125,14.962120541239054,14.501746486370777,14.916083277877638,69161379,16.258370841686787
2021-12-01,14.625086784362793,15.085822790838362,14.611922695266932,14.848872031864689,27021256,16.204820544725344
2021-12-02,15.177972793579102,15.243791828830917,14.704072610538441,14.769891645790256,35524082,16.1711534053435
2021-12-03,15.125313758850098,15.533393373887874,15.02000247750544,15.118731003679672,40226598,16.136863580868305
2021-12-06,15.303016662597656,15.645277064982967,15.138469212821054,15.204288192731696,42204929,16.109524337646317
2021-12-07,15.112151145935059,15.559723068554108,15.006839854311295,15.546558979304146,34780267,16.076823577262342
2021-12-08,14.967344284057617,15.230623166213224,14.776468587989202,15.19771223916206,42979561,16.040447206993335
2021-12-09,14.565851211547852,15.000259102966384,14.447375814842388,14.993677768649912,31683098,15.992099797306597
2021-12-10,14.585589408874512,14.763302415865683,14.394713739773252,14.664572493412114,23448341,15.945984702603905
2021-12-13,14.197257995605469,14.756722446344144,14.197257995605469,14.611920334436999,54986869,15.888649400735103
2021-12-14,14.335479736328125,14.58559313837991,14.26965929707046,14.322315648476591,35664007,15.837725805180774
2021-12-15,14.28941535949707,14.460545767227947,14.07220990337054,14.421053478193114,35939779,15.786961528273112
2021-12-16,14.43420696258545,14.453953803773441,14.19725766971042,14.41446154377311,28503900,15.742608919562041
2021-12-17,14.118273735046387,14.381552634546038,14.032709301728355,14.236749097583658,39972240,15.689352028266445
2021-12-20,13.901066780090332,14.144598783767062,13.762846028466411,14.138017452802996,25313939,15.630719725047555
2021-12-21,13.920818328857422,14.026129616549984,13.841833796306092,13.947145083998652,28202409,15.574657384188862
2021-12-22,13.97347640991211,14.026132776810458,13.802346062244878,13.97347640991211,20497442,15.522159647327328
2021-12-23,14.045875549316406,14.197260441981493,13.933982924363226,14.039292793509789,25353141,15.473756890015494
2021-12-27,14.190682411193848,14.282829644160962,14.026134796878578,14.138027459088242,15891231,15.431688874316423
2021-12-28,14.138025283813477,14.282827446606953,14.085370339809355,14.236753837212277,17328328,15.389273674627802
2021-12-29,14.01954174041748,14.20383607097294,13.973468157778617,14.170926572284516,14565961,15.3443644308832
2021-12-30,13.789176940917969,14.111692092216252,13.789176940917969,14.111692092216252,45316940,15.293374677113848
2022-01-03,14.169705390930176,14.36733037318385,13.893030700490073,13.945731454997834,37222335,15.256533061173398
2022-01-04,14.571538925170898,14.611063054629488,14.11700147137386,14.242163587283978,49793763,15.234074237042169
2022-01-05,14.294870376586914,14.637421077955109,14.182883386457666,14.551783046719185,35851405,15.203280667846913
2022-01-06,14.584718704223633,14.650593229553781,14.17629351531096,14.255344653997547,40624734,15.182999947728117
2022-01-07,14.907501220703125,14.920676406374005,14.413439587707096,14.55177690188898,48590177,15.173967202579757
2022-01-10,15.045838356018066,15.07218730097866,14.69670095543644,14.86797550376665,47125888,15.16976625679085
2022-01-11,15.381802558898926,15.381802558898926,14.953615381357041,15.012903011918233,63361665,15.176718266696032
2022-01-12,15.315929412841797,15.480617132028307,15.105129246169076,15.322517718811362,47231371,15.181282566569664
2022-01-13,15.599193572998047,15.691418474883369,15.184180090938801,15.210530469641835,49188741,15.19498456678043
2022-01-14,15.480615615844727,15.711177830694323,15.421327985801252,15.526728058814646,33902872,15.204349519208767
2022-01-17,15.480615615844727,15.645303318901595,15.25005340099513,15.454266665272664,19948957,15.213407424016504
2022-01-18,15.572845458984375,15.783645672113787,15.3291079794739,15.408157703503553,49389056,15.225192277622007
2022-01-19,15.467449188232422,15.8626993299753,15.41474983366877,15.691424648173614,35038364,15.233135127150216
2022-01-20,15.342280387878418,15.592604705829773,15.269817560838463,15.50696811348732,29391946,15.236713660288846
2022-01-21,15.34886646270752,15.579428675611062,15.230289780046366,15.269815340933418,42676371,15.240390801351753
2022-01-24,15.329111099243164,15.513560967376625,15.065611490991907,15.3818104514631,44921297,15.2432996635777
2022-01-25,15.882448196411133,15.908798563558406,15.151237608458992,15.190761735605232,44585362,15.264255353178795
2022-01-26,16.05373764038086,16.139374270160644,15.684836461259176,16.02738725110591,63314645,15.290140018332961
2022-01-27,16.13277816772461,16.416041156653595,15.94174149670579,16.13277816772461,47070145,15.317767498640883
2022-01-28,16.330402374267578,16.3435761371954,15.895626913974933,15.915388981941648,33360845,15.350968642104053
2022-01-31,16.68613052368164,16.804705805693366,16.152543178204184,16.251356387739058,50129358,15.39474444150004
2022-02-01,16.803247451782227,16.935088431903548,16.59889165328433,16.67140504709225,32598902,15.440924868066668
2022-02-02,16.53955841064453,16.81642608369634,16.427491906384393,16.790057326862403,39095411,15.476945639954467
2022-02-03,16.730722427368164,16.829603093720813,16.289052316944126,16.61206448809085,47261735,15.518053075607375
2022-02-04,16.783464431762695,16.981225817602184,16.612068951392924,16.638437705998744,39194888,15.5595419725305
2022-02-07,16.691173553466797,16.84279174050334,16.631844573794417,16.77686986055186,26166974,15.596644647315296
2022-02-08,16.875751495361328,16.954857755764426,16.500003169002568,16.664805741323704,42299308,15.638582576759427
2022-02-09,16.2033634185791,16.75050591963471,16.196770516406392,16.447269458466348,100922428,15.657099981409253
2022-02-10,16.51318359375,16.68457760113552,16.124249559170302,16.183578527989837,68333609,15.685168296567966
2022-02-11,17.488813400268555,17.798641200594233,17.25149751946238,17.370155459865465,182038996,15.74430420160733
2022-02-14,17.44925880432129,17.594285480242334,17.317417925739495,17.5349565150535,43043123,15.800204352515983
2022-02-15,17.61406135559082,17.732719286160304,17.46903610400289,17.666797422195277,33336032,15.859675073928273
2022-02-16,17.429489135742188,17.712948264825883,17.38993600340657,17.653619278606488,44408048,15.911144387430367
2022-02-17,17.18558692932129,17.45586176297356,17.113073543652803,17.40312566175825,38194109,15.95292938880384
2022-02-18,17.251497268676758,17.50199609515938,17.178983925643703,17.284457490627876,29924682,15.995505384865247
2022-02-21,16.829607009887695,17.324014730400194,16.631845631164296,17.29105450061296,25401293,16.022852979128277
2022-02-22,16.98370933532715,17.240938577958133,16.812223648683045,16.98370933532715,34318570,16.054356466216763
2022-02-23,16.746274948120117,17.201371494294637,16.706700653729605,16.996907869935946,25506096,16.077042318082448
2022-02-24,16.46266746520996,16.57479252687134,16.05373867366454,16.324159533040962,49889615,16.08968576552925
2022-02-25,16.799041748046875,16.818828185520882,16.363730146305503,16.403304446583977,44070414,16.11294333872655
2022-03-02,16.520278930664062,16.771085636400073,16.441076888132613,16.61268155133718,36789303,16.126298604035973
2022-03-03,16.533477783203125,17.061492295849494,16.30247125563054,16.52687678166197,50467105,16.139648741057847
2022-03-04,16.282669067382812,16.586276589711122,16.025261418473008,16.54667629069006,34369894,16.144337932084895
2022-03-07,15.932856559753418,16.137461879198234,15.85365454662375,16.01865814634472,59892079,16.137404116598617
2022-03-08,15.781060218811035,16.144069751111065,15.70185816496955,15.992265220282077,49265672,16.12572071011378
2022-03-09,16.566486358642578,16.705090340835675,15.946067514788421,15.97906968548884,58459174,16.140172042852427
2022-03-10,16.579681396484375,16.579681396484375,16.157268586515883,16.328874682014707,33553115,16.154582185594457
2022-03-11,16.39487075805664,16.889884448093724,16.355269035273697,16.65227839035045,48649207,16.162460499445675
2022-03-14,16.62588119506836,16.85688773376808,16.507077424788942,16.51367842664806,36267443,16.17765462061363
2022-03-15,16.566486358642578,16.790893417282433,16.302478977272735,16.57308593699122,41720798,16.19040320218835
2022-03-16,16.889892578125,16.936093897118596,16.592884506400107,16.7314884633809,45741022,16.213337280087913
2022-03-17,17.25950813293457,17.285909301817533,16.804095814459238,16.92289822179411,49108185,16.247637963787803
2022-03-18,17.384910583496094,17.55651530502051,17.206704857498224,17.219905440126105,73408542,16.284925590663484
2022-03-21,17.813922882080078,17.879924368091327,17.398109526515967,17.450911856380177,40745625,16.335056649398453
2022-03-22,18.058120727539062,18.170324916017925,17.886516083552923,17.95251754055104,41741192,16.391550553599785
2022-03-23,17.978918075561523,18.242926747111202,17.93271677198808,18.077921683972235,30594059,16.443595390385415
2022-03-24,18.097736358642578,18.302343314607505,17.97233292349474,18.0383344311895,53835967,16.497829520492207
2022-03-25,18.130733489990234,18.163734237244103,17.90632783813625,18.163734237244103,36342901,16.551367355557716
2022-03-28,18.117525100708008,18.289129754781797,17.89971771243748,18.176926986025563,24411278,16.60271678982494
2022-03-29,18.328737258911133,18.53334128153627,18.07792906122086,18.289135514122485,33838857,16.659307624876945
2022-03-30,18.368335723876953,18.454138782434722,18.163728869260357,18.374935300849653,37371325,16.71534133304088
2022-03-31,18.137325286865234,18.480534595640243,18.01192194044046,18.4013325571782,46340719,16.76196375775643
2022-04-01,18.188621520996094,18.413171434860406,18.049926996172204,18.294291229146285,45495048,16.808739422124944
2022-04-04,18.023496627807617,18.168793436861588,17.845176454335203,18.129167683135524,28469684,16.848567527229292
2022-04-05,17.66025733947754,18.010292539272736,17.581004382912397,17.98387441133921,41644661,16.875180307958743
2022-04-06,17.65365982055664,17.772538584206746,17.47533953422756,17.54798869835081,38196035,16.900704226404574
2022-04-07,17.640439987182617,17.67346335502118,17.4423069163272,17.508352224769133,26732002,16.924957857905493
2022-04-08,17.607412338256836,17.765918159811225,17.44229984768288,17.54136705658033,29650496,16.947333414638322
2022-04-11,17.5413818359375,17.653658195767843,17.462128858386315,17.5677999708665,30882294,16.966810412057967
2022-04-12,17.230966567993164,17.765925727662033,17.17813032014501,17.69988041785184,33798183,16.97547126962961
2022-04-13,17.27720069885254,17.528168639857157,17.151716728350227,17.35645365773634,38370517,16.985364037800856
2022-04-14,17.389476776123047,17.48193880558706,17.17813458670942,17.217761782437815,26768711,16.998613635778632
2022-04-18,17.488536834716797,17.541373078195665,17.310218081063372,17.330030958750395,23802743,17.014676691481522
2022-04-19,17.178131103515625,17.574397271506758,17.006416144648878,17.514957203584558,39035022,17.02003585253182
2022-04-20,17.290407180786133,17.336636758264515,17.079065037170814,17.184736108978473,28485092,17.028900486245075
2022-04-22,16.95358657836914,17.184741676831585,16.814893519291672,17.10548870410671,34773809,17.026431177790126
2022-04-25,16.887542724609375,16.940378995878838,16.57053080593602,16.841311700866523,42282427,17.02187745801371
2022-04-26,16.31295394897461,16.841307981570466,16.279930573106274,16.682802057238817,47838319,16.99863406427472
2022-04-27,16.18086051940918,16.57712665442567,16.114816639318153,16.50447752998444,27688480,16.97182181690208
2022-04-28,16.048778533935547,16.24030787027819,15.890272579692935,16.18747302794259,41170160,16.941558102706455
2022-04-29,15.764780044555664,16.478057879682616,15.764780044555664,16.154440899103808,50954295,16.90297521555397
2022-05-02,15.69714069366455,15.915247986979569,15.492250812302888,15.776452306843488,44535284,16.86343965745923
2022-05-03,15.776449203491211,15.968118778613077,15.650872388302199,15.730183985879918,29699668,16.827800626181592
2022-05-04,15.756620407104492,15.75662040710449,15.465810286937367,15.70374506073336,53745441,16.79267996326103
2022-05-05,15.393113136291504,15.591392902492368,15.135349297401188,15.591392902492368,45795293,16.746792526311207
2022-05-06,15.723570823669434,16.007770753444987,15.37988542721,15.386494130013169,68490643,16.713244273765575
2022-05-09,15.498860359191895,15.7962792544142,15.20805016969581,15.690529964752741,63819963,16.673428407713978
2022-05-10,15.419541358947754,15.690522444809586,15.31379211996837,15.591383336680115,40331174,16.632317356934756
2022-05-11,15.935075759887695,16.0077786681242,15.445985805319587,15.452595939682059,64249824,16.609456976703704
2022-05-12,16.186222076416016,16.30519158616795,15.816100425907853,15.816100425907853,61754278,16.595580422595912
2022-05-13,16.377897262573242,16.470427699096025,16.192836389527674,16.31841320648124,29721422,16.588443269808284
2022-05-16,16.54973793029785,16.72819008382852,16.272146643666623,16.424161123720587,30939624,16.58717424228335
2022-05-17,16.695144653320312,16.93308087152708,16.662098273745254,16.761237412470432,30953220,16.59071425575997
2022-05-18,16.457212448120117,16.76784875057147,16.417555929426847,16.64227191714698,43092975,16.58633714731276
2022-05-19,16.404325485229492,16.60921378280819,16.318403802988698,16.47041820800507,25636391,16.58036955183462
2022-05-20,16.60921859741211,16.67531276763744,16.42415777736337,16.582782357613066,43072014,16.581315422181422
2022-05-23,17.038829803466797,17.184234156356663,16.708363157721255,16.714971862187934,43627637,16.596315893698975
2022-05-24,17.296585083007812,17.382506775815312,16.886808437455816,16.972728701972464,44474328,16.619275539250083
2022-05-25,16.98595428466797,17.270155711429766,16.95951661048282,17.21728036305947,32876147,16.63129779319821
2022-05-26,17.19745635986328,17.29659551601788,16.99917661926237,17.005785325022657,39868230,16.649860369154442
2022-05-27,17.289981842041016,17.461823853639142,17.09831086227639,17.223887661971503,27475589,16.670847958429412
2022-05-30,17.13136100769043,17.475046534801347,17.13136100769043,17.362688546397273,20339502,16.685946746929773
2022-05-31,17.289981842041016,17.448605017625237,17.197451418235005,17.316419514068823,75013550,16.705751176277683
2022-06-01,17.050336837768555,17.407480761120237,17.050336837768555,17.387638399804686,32284608,16.717049066818365
2022-06-02,17.123090744018555,17.248752387041492,16.8585396909298,17.20907051516914,20319901,16.73036190869378
2022-06-03,16.96435546875,17.16938222520011,16.91805901218024,17.03049285549083,22647423,16.738033828695624
2022-06-06,16.90483283996582,17.182611605527303,16.90483283996582,17.0966318512676,15100624,16.74350264873727
2022-06-07,16.90483283996582,16.990811164969507,16.779169792373324,16.845308614594643,23796625,16.748792163203778
2022-06-08,16.58074951171875,16.918052337837022,16.488156635108062,16.832072625589102,33085526,16.74328256807312
2022-06-09,16.29636001586914,16.613821992259474,16.21699487908547,16.574140138495462,43419279,16.728629369640203
2022-06-10,15.939215660095215,16.230222104876066,15.78048539176224,16.230222104876066,40198953,16.702746952933808
2022-06-13,15.747416496276855,15.959057823295353,15.496093313727208,15.87307808755168,38005578,16.67142464287948
2022-06-14,15.641600608825684,15.833399619861751,15.51593899066329,15.754034462562135,22637566,16.637659920451487
2022-06-15,15.707736015319824,15.972286982615781,15.615143105303448,15.820169854838044,48238381,16.607170612086513
2022-06-17,15.509322166442871,15.595300478979627,15.158791461893209,15.436570187176532,51504593,16.571175581081803
2022-06-20,16.18392562866211,16.21038114975565,15.595298145236573,15.595298145236573,50406830,16.558478861330336
2022-06-21,16.011972427368164,16.302977530107206,15.932605840160033,16.24345473358515,37577078,16.540560617593872
2022-06-22,15.892922401428223,16.08472139504116,15.754033031456684,16.0516527016083,41717966,16.51932657771959
2022-06-23,15.52916431427002,15.959060198457712,15.449799162140216,15.912763740610666,30701240,16.486862241213046
2022-06-24,15.502707481384277,15.694507893027659,15.410116002744877,15.668052368127372,30073785,16.45459487203833
2022-06-27,15.595305442810059,15.654829678496144,15.49609933617076,15.562236740596958,26288885,16.426421448129208
2022-06-28,15.42333698272705,15.767254399294732,15.224923473352893,15.69450244569797,39383080,16.39353343287012
2022-06-29,15.26461124420166,15.661438379863498,15.211701626432756,15.522549025307427,34774375,16.356519590618696
2022-06-30,14.99344539642334,15.132334748154866,14.900852495268989,15.092652892949115,41362317,16.31182863343196
2022-07-01,15.124272346496582,15.203699342556764,14.72051618510539,14.773468469391942,39467601,16.272892361729163
2022-07-04,14.978650093078613,15.091172945177833,14.899223123012161,15.005126226557156,9918395,16.23045818898652
2022-07-05,15.084556579589844,15.084556579589842,14.70065827953201,14.892608144745676,32430425,16.19288764441614
2022-07-06,14.945558547973633,15.137508407469024,14.793324326788989,14.965416367129006,31863245,16.151991608467203
2022-07-07,15.157360076904297,15.256643420290775,15.038218920545315,15.084551433532807,45776032,16.119380738579892
2022-07-08,15.163979530334473,15.395642090775091,15.077932823441248,15.375785708557034,25028649,16.088056108801354
2022-07-11,14.919087409973145,15.031608880513247,14.780088364099765,14.952181875992599,18746051,16.049729266216822
2022-07-12,14.885981559753418,15.031598829312664,14.634462641893247,14.91245768701307,22335508,16.011573603709824
2022-07-13,14.826420783996582,15.051465153646333,14.75361353148413,14.813184141990527,38407906,15.972716134211028
2022-07-14,14.660944938659668,14.76022831210977,14.323379180338206,14.707277465676938,54813633,15.929707242553606
2022-07-15,14.925702095031738,15.024985468904028,14.574898266017973,14.69403945896028,35260546,15.896789040995511
2022-07-18,15.124272346496582,15.223557164349044,14.879371607595399,15.01175088794213,23331189,15.871460624782431
2022-07-19,15.633925437927246,15.733208795068643,15.111029657429789,15.111029657429789,39625655,15.863672585869146
2022-07-20,15.435357093811035,15.660401369606946,15.38240625676039,15.55449826513647,33584725,15.849629454981995
2022-07-21,15.561116218566895,15.640544617834538,15.190456076794522,15.408880598857648,24553356,15.84017000460773
2022-07-22,15.395647048950195,15.686880280205767,15.283124175948863,15.62068993421397,25588351,15.825595481471417
2022-07-25,15.620684623718262,15.726587710932284,15.34930930370323,15.488306837477454,36454048,15.818877092692626
2022-07-26,15.534646987915039,15.819260512586954,15.435362169042058,15.640550127207044,24585080,15.809558072863851
2022-07-27,15.58758544921875,15.753059062198187,15.488302139652202,15.63391794642351,27262812,15.802280281924666
2022-07-28,15.686880111694336,15.706736500093854,15.415503271966765,15.587595308957901,26772676,15.798496669785967
2022-07-29,15.633925437927246,15.872207783657334,15.53464208078585,15.713352409714206,33518445,15.793100891692237
2022-08-01,15.5462646484375,15.797971810016,15.393915124922291,15.797971810016,28369526,15.785007900110115
2022-08-02,15.711859703063965,15.791346087457224,15.486647087750438,15.652244556909233,24247559,15.782609598567618
2022-08-03,15.824459075927734,15.857578270455692,15.592623282793442,15.698605564146058,22712684,15.783981712579424
2022-08-04,16.208648681640625,16.274887088565645,15.87745378413759,15.930445654828782,38418670,15.797905219761757
2022-08-05,16.51333999633789,16.645816748836882,16.0496670682765,16.221887705388173,64015406,15.821362097682286
2022-08-08,16.718685150146484,16.75180434882697,16.413986231984005,16.612702855505674,46382867,15.850782525631931
2022-08-09,17.155866622924805,17.407573741553644,16.751808575337556,17.248600975202706,117640069,15.893572168166124
2022-08-10,17.473812103271484,17.553299917647916,17.15586657152224,17.3280873064596,55029810,15.945383313579413
2022-08-11,17.50031089782715,17.73877008556079,17.4406957430339,17.639412448531612,45877889,15.99636454584983
2022-08-12,17.712276458740234,17.745395672736592,17.46719255743987,17.612917385311732,43155063,16.05262395282984
2022-08-15,17.864620208740234,17.957354550504537,17.447315670800876,17.447315670800876,41430750,16.112033666138377
2022-08-16,18.069961547851562,18.11632872237715,17.63940900847978,17.844748943824804,29105976,16.176228022915858
2022-08-17,18.116334915161133,18.202446025046847,17.884498963283708,17.937490855964015,28593294,16.239838084956684
2022-08-18,18.06334114074707,18.22893719640053,17.957358806265276,18.136204264098176,37051026,16.299625070392434
2022-08-19,17.84661293029785,18.020792722975287,17.66573603070912,17.953799938210853,26106699,16.350345983831954
2022-08-22,17.645641326904297,17.712632673099687,17.47146151045981,17.685835555537412,24991487,16.39281468360482
2022-08-23,17.692537307739258,17.78632578844251,17.605448831492268,17.652343071843895,16685011,16.435428540133817
2022-08-24,17.7662296295166,17.853319558175265,17.65234402471812,17.65234402471812,22899063,16.47906136273653
2022-08-25,17.987306594848633,18.000703711197204,17.772932465319393,17.826525273846272,31242248,16.528512026084467
2022-08-26,17.880111694335938,18.18157418657283,17.79302178997116,18.020794383741183,28445551,16.572826769305827
2022-08-29,17.8198184967041,17.94040262220073,17.632241581809126,17.779622823065093,21271281,16.613711743974623
2022-08-30,17.739431381225586,18.02079826839924,17.67914002794967,17.893512662033082,34434249,16.650620584540228
2022-08-31,17.29058265686035,17.860013379113433,17.29058265686035,17.860013379113433,56502823,16.671602947567116
2022-09-01,17.55716323852539,17.570570969170987,17.12141851169935,17.47001371367966,54988228,16.700637711205093
2022-09-02,17.798498153686523,17.9392786019819,17.65101601307903,17.664423743807223,52927981,16.736633135548747
2022-09-05,18.08676528930664,18.2543597924876,17.83202268753679,17.858836707032463,28039710,16.78089976354081
2022-09-06,17.919164657592773,18.113573098062545,17.798495101730563,17.899052340598534,60187679,16.81821992400153
2022-09-08,17.79179573059082,18.100169203678515,17.758277126768483,18.033131996033845,32229771,16.850140442250357
2022-09-09,17.932571411132812,18.126981305440328,17.84542334709243,17.899052813524886,27710574,16.885629982213715
2022-09-12,18.153799057006836,18.314688925336117,18.013018611342094,18.10016813509621,30293474,16.927209296141356
2022-09-13,17.966089248657227,18.214128598903507,17.89905205627749,18.019720161521853,36812756,16.961270933928763
2022-09-14,17.899049758911133,18.02642243626565,17.744863077266963,17.925865211901648,32836152,16.992017780649494
2022-09-15,17.945980072021484,18.173908575775418,17.83871968488441,17.85212741436419,24907645,17.023295232825625
2022-09-16,17.885643005371094,18.013014240953574,17.738160903302155,17.832013545173556,49605006,17.05156893028613
2022-09-19,18.5560245513916,18.636470937827944,17.818610932002663,17.83872180426107,46524605,17.100895344092866
2022-09-20,19.172765731811523,19.212988912952486,18.616354475917532,18.64987162048362,71309887,17.16882552073938
2022-09-21,18.971649169921875,19.226393038696628,18.891204271409038,19.1727621405543,54495600,17.227934492843723
2022-09-22,19.353771209716797,19.4409192774917,18.97835913379776,19.166065896107867,49376706,17.297634057331365
2022-09-23,18.971649169921875,19.13924355356567,18.75712847475387,19.038686343899133,38830402,17.352519798727773
2022-09-26,18.562728881835938,18.89121321807184,18.52921027897328,18.857694615209184,16535115,17.392198785059186
2022-09-27,18.45546531677246,18.549317968164722,18.381723533906804,18.468873045357228,43896612,17.427059982820275
2022-09-28,18.448762893676758,18.770544071379053,18.30798534876475,18.48898608415252,47539207,17.460558438913928
2022-09-29,18.72361946105957,18.844287594876178,18.341504186874115,18.408542843828556,58853685,17.501970275705588
2022-09-30,18.81076431274414,18.864393776269313,18.576132693507063,18.64316988508879,38351030,17.54488155560849
2022-10-03,19.956256866455078,19.97638039562774,19.117758605699162,19.312289436798814,80831732,17.62394304121002
2022-10-04,19.989791870117188,20.2648196525403,19.72147289558473,20.10382710813061,49601833,17.70151185527255
2022-10-05,19.989791870117188,20.177615297251187,19.895880156550188,20.036747726900686,34375446,17.77653742952975
2022-10-06,19.627567291259766,20.083711318206532,19.547073162474643,20.05687897553594,55358719,17.83722693319303
2022-10-07,19.667816162109375,19.667816162109375,19.218380937482575,19.58732058225045,63511108,17.897246252173893
2022-10-10,19.45985984802246,19.815383151694657,19.312283480635816,19.77513465614939,54805929,17.948479484824666
2022-10-11,19.325708389282227,19.553780401332585,19.265336343456738,19.38608043510771,36485999,17.993634530872455
2022-10-13,19.21166229248047,19.433025369477676,19.017130093268147,19.117750596202107,42127432,18.03356986731862
2022-10-14,19.2183780670166,19.567194127123752,19.090926630475064,19.28545891489094,45494368,18.07241603780052
2022-10-17,19.372661590576172,19.5202380043659,19.25191751558696,19.412910098776948,23093825,18.115047039530868
2022-10-18,19.848922729492188,19.848922729492188,19.486692070049276,19.654390509857237,52346412,18.171895422808287
2022-10-19,19.855636596679688,19.962964503110584,19.66110576288271,19.82880570728181,32142870,18.227100051459807
2022-10-20,20.164201736450195,20.2916546067128,19.86905039144487,19.989794452949994,77600529,18.29061158211523
2022-10-21,20.834999084472656,20.982575475408513,20.003209756986653,20.07699795245458,55808067,18.374034123176127
2022-10-24,19.889175415039062,20.7209662906475,19.748307815887916,20.66730306461457,57756261,18.423710886843764
2022-10-25,19.728178024291992,19.969666088808484,19.728178024291992,19.889169100894584,29513856,18.46648030118633
2022-10-26,19.305580139160156,19.67451968476783,19.23850074890893,19.453155087635448,55085780,18.49399177128383
2022-10-27,19.661108016967773,19.875763854439192,19.392788944935145,19.52694775614481,44860228,18.532257877699696
2022-10-28,19.815387725830078,19.88917447694349,19.52023637253744,19.594024573263848,32422834,18.574327708785937
2022-10-31,20.392269134521484,20.506304361785805,19.419610950307742,19.45315063776121,94899400,18.6339323456953
2022-11-01,20.44438934326172,21.001475744135316,20.189338437056932,20.806831936864295,47491734,18.69329159151715
2022-11-03,20.296724319458008,20.363842659226794,19.793332419828058,20.135638273376365,36849352,18.74586315636767
2022-11-04,20.37056541442871,20.759854587983586,20.303447041543336,20.598768462421138,35511052,18.799132082861473
2022-11-07,19.90743064880371,20.35041535811524,19.73292213623737,20.182616647308745,52676342,18.835469740761216
2022-11-08,19.847036361694336,19.907443472351037,19.598696662530244,19.76649403097049,31659758,18.868635859480335
2022-11-09,18.89394760131836,19.511439709902128,18.692591069042855,19.236253561141204,147203325,18.86946575265535
2022-11-10,18.538217544555664,18.75970929331248,18.09523259658692,18.363707487518063,99105549,18.858605155668474
2022-11-11,17.940860748291016,18.92750673889516,17.86031697519853,18.793268567529474,111377525,18.828515175098723
2022-11-14,17.88716697692871,18.32343927146574,17.719369605847863,18.155641900384893,59148831,18.797651299748885
2022-11-16,17.632110595703125,17.91400939622234,17.457600571182315,17.887161476995313,50719991,18.759436850435907
2022-11-17,17.7395076751709,17.74621893234288,17.316657860584563,17.38377768458143,77606874,18.725996549607547
2022-11-18,17.88045310974121,18.222760536792094,17.712657200002308,17.914013742144192,56028889,18.698273813874223
2022-11-21,17.934144973754883,18.21604377998527,17.692516596726048,18.12207751124181,43986685,18.673220409280145
2022-11-22,17.63882827758789,18.08852456145583,17.511302790473557,17.9878455528961,64036253,18.639305913159088
2022-11-23,17.457605361938477,17.598554800877753,17.350215106014947,17.511301215127865,55607979,18.600561632791198
2022-11-24,18.081811904907227,18.216050099879855,17.52472680434097,17.585133919555883,30856235,18.583553444991722
2022-11-25,17.444183349609375,18.00126991125033,17.377064976071324,17.97442198165295,46086134,18.54619704842181
2022-11-28,17.12871742248535,17.591837469260525,17.108582209720485,17.518006421849684,45835061,18.499722306587827
2022-11-29,17.276376724243164,17.524716293194988,16.726001760374523,17.14213860978519,77138265,18.45961261536341
2022-11-30,17.450889587402344,17.477737507045987,17.068311809072448,17.31665143963899,60017162,18.426539729200755
2022-12-01,17.44931983947754,17.529916901643833,17.187378298856405,17.200811384457605,50130944,18.394499732816385
2022-12-02,17.684391021728516,17.89931743757736,17.180658413878252,17.509763853141543,63158518,18.37121747999383
2022-12-05,17.167224884033203,17.556778458316195,17.086627843050607,17.556778458316195,37424462,18.331742312913153
2022-12-06,17.563493728637695,17.563493728637695,17.167224351335907,17.27468755312497,53504452,18.306553834740185
2022-12-07,17.43587875366211,17.684387094657396,17.388863701350573,17.61050588347063,25238368,18.27800711077041
2022-12-08,16.82468605041504,17.362000614345636,16.723940113968236,17.32841863553004,69736150,18.230357239939085
2022-12-09,16.664533615112305,17.000152858318422,16.616588008940003,16.90426164597382,22514069,18.179018760436566
2022-12-12,16.507001876831055,16.780976624784202,16.22617690908219,16.657687470146314,101446780,18.124198534744583
2022-12-13,15.883706092834473,16.664534803339805,15.835759003075276,16.60973897513972,63557901,18.050739766157367
2022-12-14,15.952200889587402,16.14398334588458,15.49329244625677,15.691925121803632,76898069,17.981935212827203
2022-12-15,16.041234970092773,16.383702828177896,15.650820042898074,15.780957858573773,55898707,17.918305696671975
2022-12-16,16.21932601928711,16.33576493869318,16.02069335423973,16.10973583860033,64978909,17.86260144495444
2022-12-19,16.70563316345215,16.76727774104936,16.198780543526695,16.294671779751578,54924554,17.824668058675677
2022-12-20,16.883708953857422,17.24672603357109,16.63713223642056,16.705625522347272,44636914,17.793816940484913
2022-12-21,16.952205657958984,17.123440372519457,16.73302534173502,16.945356920650482,69855681,17.76622312794308
2022-12-22,16.9864501953125,17.191931531233013,16.760421169850282,16.979601458854535,25305328,17.74065680228306
2022-12-23,17.25358009338379,17.472760433371615,17.034399753395963,17.143989923389878,28695830,17.724687074122425
2022-12-26,16.91111183166504,17.246731103603093,16.81522061111131,17.0891953155265,17822996,17.69801247600907
2022-12-27,16.81521987915039,16.93850900882938,16.623437446391158,16.890563400639575,19491678,17.66906845643993
2022-12-28,17.157690048217773,17.260430006989782,16.79467286292048,16.952208650505497,25715021,17.65230195125232
2022-12-29,17.123443603515625,17.45221413988678,17.09604568877596,17.287828131617065,28098060,17.63496233329374
2023-01-02,16.78597640991211,16.813393683892503,16.477537261882198,16.74485198015567,26445013,17.60712672924844
2023-01-03,16.4364070892334,16.895638121271524,16.333593088337278,16.785970544882026,33847015,17.568742478756143
2023-01-04,16.484384536743164,16.806532169639006,16.36786339917122,16.491238111394797,33855739,17.53318975934588
2023-01-05,16.998458862304688,17.073855628695945,16.46383088178343,16.51866395111347,41153732,17.51565759878715
2023-01-06,17.293190002441406,17.348023069025533,16.99845801106103,17.08756341062616,42632750,17.50836357923483
2023-01-09,17.416566848754883,17.587922609230272,17.06014817043468,17.13554494203814,29083430,17.505353850366635
2023-01-10,17.752426147460938,17.820967864402547,17.08071169281829,17.224650187124336,35564190,17.513454581418905
2023-01-11,18.060863494873047,18.14996742147768,17.656463851650923,17.73871568096729,38743614,17.53140241464691
2023-01-12,17.8072509765625,18.03343972267213,17.409706536255307,17.47824822144883,57811778,17.54044662979168
2023-01-13,17.7181453704834,17.74556263668985,17.231497041994366,17.553644735672137,23525385,17.546272818011083
2023-01-16,17.526226043701172,17.718143929106297,17.334308158296043,17.649602250379786,27737426,17.54561554672223
2023-01-17,17.889501571655273,17.92377241478195,17.471394915567767,17.587916078441225,36595560,17.55689049835938
2023-01-18,18.211650848388672,18.259628844039142,17.95804483050422,18.074565993970612,45007971,17.578358050819357
2023-01-19,18.211650848388672,18.273338958816108,17.84837724321253,17.978607040242107,40213569,17.599121749100316
2023-01-20,17.889501571655273,18.28704601810953,17.84152209503517,18.273338865829878,37996401,17.60864239902015
2023-01-23,17.341161727905273,17.937477540362252,17.27261857384267,17.8483736619011,52002547,17.599872540950813
2023-01-24,17.498811721801758,17.841523135481648,17.36858191784039,17.471395934429903,34378279,17.596559071470516
2023-01-25,17.560504913330078,17.649608832662427,17.149251725170135,17.498815305770503,43609396,17.595376967924928
2023-01-26,17.45768165588379,17.642745937183353,17.300034634305653,17.581057843416833,33862197,17.590862367530136
2023-01-27,17.087562561035156,17.450836237887316,17.01216580216831,17.416563906610335,34365362,17.5743607345303
2023-01-30,17.094409942626953,17.176661730422342,16.81338670402655,17.12868078026826,39913324,17.558624642992484
2023-01-31,17.36172866821289,17.53993795494792,17.19722801602885,17.210935169365943,32928039,17.552169037262004
2023-02-01,17.133771896362305,17.490439033327586,16.9965914301658,17.277810718857538,31850216,17.53845109821611
2023-02-02,17.291532516479492,17.812816617942115,16.94172366292851,17.01031316919429,52480220,17.53035540701163
2023-02-03,17.229793548583984,17.394408881813735,17.030883477785242,17.078896406831127,41535326,17.52050091985007
2023-02-06,17.236656188964844,17.31210551972444,16.95543689938164,17.31210551972444,31860299,17.51119453523088
2023-02-07,16.838836669921875,17.33954417874464,16.639926523634035,17.28467139201208,34547549,17.489150015056815
2023-02-08,18.231210708618164,18.25178725923012,17.366977795953936,17.456143836770305,120349072,17.513479873862103
2023-02-09,17.778518676757812,18.43012337050446,17.689352623616994,18.279226174748512,40856546,17.522169670678355
2023-02-10,17.696205139160156,17.819667383635466,17.497295062835764,17.64133385397477,59102038,17.527875751612186
2023-02-13,18.32037925720215,18.402688435410465,17.682494242940514,17.682494242940514,49663922,17.55385947310694
2023-02-14,18.09402847290039,18.43697885480989,18.046015538012796,18.34781134048435,39640950,17.57156993211656
2023-02-15,18.361534118652344,18.567304102731118,17.91569940018951,18.02544349051466,41791724,17.59747039724888
2023-02-16,18.498708724975586,18.581016396008067,18.121463626976237,18.23806603741837,34692120,17.627019194879264
2023-02-17,18.436983108520508,18.622176535348363,18.313520823968602,18.491854411517444,21326685,17.65357538876914
2023-02-22,18.09402847290039,18.183195987225936,18.011720796271184,18.03915718256315,20794515,17.668016473494756
2023-02-23,18.162612915039062,18.560435959109892,18.08030526125576,18.11459999347828,43189053,17.6842327502667
2023-02-24,17.607046127319336,18.046021030360343,17.524738425639594,18.0048664383969,35419959,17.681702041317603
2023-02-27,17.380691528320312,17.696205500761458,17.339538434151997,17.6893471458156,20098513,17.67183284417015
2023-02-28,17.44242286682129,17.71678226622939,17.270947686348748,17.421846319483496,29465137,17.66431120556855
2023-03-01,17.159399032592773,17.399630461821786,16.74070869884253,17.379039620252527,49786059,17.647756708093933
2023-03-02,16.596569061279297,17.2966709286467,16.5004750194159,17.090759574482,52237191,17.613291539345912
2023-03-03,16.617158889770508,16.877981109142855,16.53479257318092,16.706386841161887,29015336,17.580631452474588
2023-03-06,16.994661331176758,17.18684640083912,16.548517207564025,16.77502231104529,35169906,17.56141931735007
2023-03-07,17.042709350585938,17.07702641839447,16.678928555920393,17.05643558439905,31883639,17.544412433193866
2023-03-08,17.2554931640625,17.38590431124991,16.994669386411253,17.152535980356987,40035234,17.534939670271527
2023-03-09,16.926025390625,17.21430301488433,16.891706837728773,17.159393626905526,47884998,17.514975267660166
2023-03-10,16.52107048034668,16.891713064849306,16.39752245775368,16.85052989622618,37246581,17.482388225453164
2023-03-13,16.3220157623291,16.521065458589664,16.109239830642778,16.315151161340296,38429660,17.44434322666221
2023-03-14,16.267108917236328,16.438703202954727,16.10924235236854,16.17101635455821,43849139,17.405745380451524
2023-03-15,16.22592544555664,16.308290285814977,15.800372040399754,16.040603442518286,57389962,17.3670627596353
2023-03-16,16.49361228942871,16.57597712968992,16.143560605861477,16.23965316671224,45421743,17.338425039300656
2023-03-17,16.0200138092041,16.418111803150275,15.99255984923544,16.404384081527823,68565874,17.29519844159257
2023-03-20,16.061195373535156,16.376928489559297,15.910191934012264,16.061195373535156,36932854,17.254739324607083
2023-03-21,16.39065933227539,16.575979882824303,16.129835564305388,16.129835564305388,43704795,17.226408833055224
2023-03-22,16.29456329345703,16.644614992656447,16.253381613125452,16.438703624446152,41241539,17.195856520281513
2023-03-23,15.889604568481445,16.644617481301335,15.711145649441388,16.301430333029174,59823759,17.15302858743561
2023-03-24,16.120086669921875,16.258933793357468,15.786854473829605,16.078432082814622,34011300,17.119161639320406
2023-03-27,16.39777946472168,16.508856863745496,16.231164116313582,16.314471790517633,44616067,17.095509764743397
2023-03-28,16.47414779663086,16.60605175786786,16.31447410663171,16.41166665704376,32135279,17.075137241198725
2023-03-29,16.633811950683594,16.71711958895539,16.370002679192517,16.488023208644293,25802715,17.06066755954249
2023-03-30,17.09201431274414,17.216976590476698,16.814321529092698,16.883744349941693,43270629,17.061695321942544
2023-03-31,17.175325393676758,17.418306793721086,17.00176532188787,17.175325393676758,65512439,17.06542089806498
2023-04-03,16.694332122802734,17.15980052251301,16.541491035696946,17.145905741746397,38304803,17.053254052974413
2023-04-04,17.027793884277344,17.166738620151396,16.756849547466278,16.77074432131892,25918394,17.052419293345
2023-04-05,17.01390266418457,17.236216109227144,16.79853886012244,17.069481776108532,36165246,17.05115645304466
2023-04-06,16.95832061767578,17.138951182853166,16.833269149884128,17.062530674610905,24650907,17.04811265516371
2023-04-10,17.13895034790039,17.194527941252325,17.027793659870355,17.11810743673302,16023452,17.05109094017147
2023-04-11,17.694738388061523,17.798948475852644,17.375162987447887,17.507161130833516,54871529,17.072194135184258
2023-04-12,17.812837600708008,18.076835327266505,17.625260387205365,17.812837600708008,47390217,17.09647752749651
2023-04-13,17.812837600708008,18.00041481421065,17.680839488091927,17.896204750711515,40614537,17.119964743011643
2023-04-14,18.06989097595215,18.153259644753806,17.6738965551142,17.75031708418573,38988116,17.151109865403136
2023-04-17,18.0351505279541,18.229674373295722,17.868416232325938,18.097676264146234,24167003,17.180094805158905
2023-04-18,18.021257400512695,18.22967452107428,17.840626827237234,18.06988686091602,27411575,17.207673906645915
2023-04-19,17.736417770385742,17.9587311798369,17.70862972019914,17.88925880238081,31036155,17.225009771030827
2023-04-20,17.785053253173828,17.84063237031972,17.514110311731304,17.63916182398279,24745399,17.243371852412565
2023-04-24,17.625263214111328,17.91010389985089,17.49326508032414,17.778104264737124,28674303,17.255892880664984
2023-04-25,17.785053253173828,17.86842192889267,17.50716217142468,17.50716217142468,25980256,17.27324240107511
2023-04-26,17.604419708251953,17.82673311840478,17.57663165797765,17.736417826365695,19299068,17.28410067344156
2023-04-27,17.91704750061035,17.923994137494578,17.597472177409603,17.597472177409603,23660439,17.3048530284307
2023-04-28,18.00736427307129,18.014312412434112,17.722526591033255,18.014312412434112,23245081,17.327886183992685
2023-05-02,17.310529708862305,18.05439555231963,17.282721218728515,17.887546113866424,49467233,17.327317119234312
2023-05-03,17.282718658447266,17.47042218316988,17.15758197373264,17.345285498455254,26517638,17.325854874618344
2023-05-04,17.421770095825195,17.5747138564678,17.046359815215634,17.373104464768193,45003213,17.32899963596939
2023-05-05,18.06829071044922,18.06829071044922,17.393946375398187,17.623362566825286,49402765,17.353238687591677
2023-05-08,18.31856346130371,18.47150858589072,17.943155022765666,18.388083153016602,59838715,17.3848886801724
2023-05-09,18.4298038482666,18.624460271214385,18.23514742531882,18.26990728622385,43258053,17.419148193880403
2023-05-10,18.7009334564209,18.798261670964408,18.276859233895973,18.39504456751993,35088896,17.461173940193206
2023-05-11,18.881677627563477,19.006814279544578,18.49931630310964,18.6035973472102,35897745,17.507747831582392
2023-05-12,18.707876205444336,18.805204375129414,18.54102834379817,18.63835651348325,20136809,17.547096302856556
2023-05-15,18.77739906311035,18.839967397363356,18.568838449716715,18.735687841841102,20327832,17.587434098274713
2023-05-16,18.714834213256836,18.992914559782907,18.652265872377345,18.791305294465733,29875057,17.624398036470847
2023-05-17,18.90254020690918,19.062436765112437,18.735692277631646,18.839971857842734,27183049,17.666304337140957
2023-05-18,18.83302116394043,18.86778102526064,18.603604877347415,18.839972535264657,26807799,17.704557347855694
2023-05-19,18.680072784423828,18.770449610317392,18.471513652083512,18.707881269675582,55195001,17.73654146053006
2023-05-22,18.325519561767578,18.867777503733237,18.283808336908226,18.68007248481837,29853077,17.755852217947684
2023-05-23,18.471519470214844,18.749599903273904,18.256005895155525,18.41590248219318,31465336,17.779316718022017
2023-05-24,18.367229461669922,18.56188582064773,18.249044170612663,18.35332522140736,32566612,17.798592545682602
2023-05-25,18.944252014160156,19.02072310163625,18.547986323563812,18.68007438631279,51557618,17.836155151206455
2023-05-26,18.798261642456055,19.298806959684946,18.624460830363486,19.048533549895716,33629706,17.867699626329394
2023-05-29,18.714834213256836,18.80520953714443,18.561889046140458,18.742641196264938,11247177,17.895474530818817
2023-05-30,18.450654983520508,18.90253607024371,18.22123875538239,18.826064995763776,48896654,17.913677168612313
2023-05-31,18.304662704467773,18.464559227702598,18.21428738851928,18.415895133776743,38429660,17.926496366509213
2023-06-01,18.574342727661133,18.720432972506455,18.30303184341775,18.414338911398556,28928095,17.947737230809274
2023-06-02,18.845653533935547,18.936090996094933,18.685649718334943,18.78304321449555,28470477,17.977177109600298
2023-06-05,18.887393951416016,18.97782990879799,18.66477981987124,18.887393951416016,27870213,18.007020284741795
2023-06-06,19.019569396972656,19.09609328164095,18.887392734681956,19.01261186017165,29698762,18.040218616290346
2023-06-07,19.075225830078125,19.214360055832834,18.908265961858408,19.130880121722978,31760369,18.074153279037485
2023-06-09,19.339574813842773,19.339574813842773,19.012609708484,19.17957102917019,33168008,18.11564250968684
2023-06-12,19.130868911743164,19.50652914679327,19.075214652709644,19.430005292300446,33613277,18.14892862122967
2023-06-13,19.346534729003906,19.409145048906385,19.158705272653737,19.22827162660882,37732299,18.188194395255053
2023-06-14,19.610885620117188,19.631755221418132,19.318705188476134,19.457837868291705,56524690,18.234840009184957
2023-06-15,19.868288040161133,19.896115186797303,19.53436679059951,19.548281867275055,30322705,18.288395682331718
2023-06-16,19.930896759033203,20.0630734398458,19.65262982521342,19.819591188191165,47145602,18.3422481766498
2023-06-19,20.20220184326172,20.243942547830493,19.85436714859266,19.882194284971845,18433003,18.4032302640797
2023-06-20,20.192584991455078,20.227690081035643,19.911742757539987,20.227690081035643,28148931,18.461897632190368
2023-06-21,20.389171600341797,20.48044603316077,20.14343449344882,20.17853957768062,29839027,18.525086942621563
2023-06-22,20.192584991455078,20.361090028350016,20.05216311586224,20.26981709889467,27091956,18.579759009796433
2023-06-23,20.129396438598633,20.255775982535198,19.99599648323034,20.255775982535198,18796809,18.630566794347324
2023-06-26,20.101314544677734,20.31896857102101,19.960894158413314,20.101314544677734,15397130,18.678788032063075
2023-06-27,19.876638412475586,20.241734723653483,19.644943581062563,20.206629630078268,29488704,18.71806181502742
2023-06-28,19.764301300048828,19.91876400413711,19.658984509618527,19.86961657320848,21198769,18.752364748962545
2023-06-29,20.003021240234375,20.04514674932239,19.806429967830347,19.820472309949984,70141424,18.793369879823917
2023-06-30,19.953868865966797,20.30492126304319,19.90471992206935,20.19960448183091,31561301,18.831419026910567
2023-07-03,20.34563636779785,20.380764783140968,19.92411208402488,20.05056861005021,19990991,18.88106549710359
2023-07-04,20.219181060791016,20.38779078446572,20.184054161543223,20.282410086722336,9245166,18.924938138535964
2023-07-05,20.394819259643555,20.51425256062465,20.13487985437607,20.177031533840637,19998696,18.973130962178836
2023-07-06,20.092721939086914,20.31051113196816,20.092721939086914,20.25430688159372,32074550,19.009838863061066
2023-07-07,20.472105026245117,20.6969175714065,20.127857637706597,20.212162531918842,31476099,19.057782015952345
2023-07-10,20.3386173248291,20.633686683907772,20.268363510779377,20.633686683907772,15000240,19.099776616243386
2023-07-11,19.980318069458008,20.275385875255566,19.741454522791432,20.24025897240539,31780310,19.12864682782419
2023-07-12,19.860889434814453,20.127855153236098,19.811711459409747,20.022474428031853,20884135,19.15265478215174
2023-07-13,20.078678131103516,20.226212064322073,19.783610264666404,19.82576346767757,24777803,19.183016203428846
2023-07-14,19.86791229248047,20.2262091527505,19.78360741680754,20.12785321142984,27914740,19.205471812905948
2023-07-17,20.254310607910156,20.254310607910156,19.78360675638492,19.832784725403574,18054808,19.2398599701192
2023-07-18,19.860889434814453,20.331593347463365,19.79063561801162,20.254313238052085,44289196,19.260221591912483
2023-07-19,19.650123596191406,19.95924247047453,19.59391933638717,19.86088653403051,44539023,19.273005264183922
2023-07-20,20.015451431274414,20.015451431274414,19.46044106731349,19.748484170928922,42807912,19.297347761465577
2023-07-21,20.373743057250977,20.373743057250977,19.973294518398244,20.022472489040517,36214305,19.33263941050772
2023-07-24,20.050567626953125,20.54937348909618,19.91006004532239,20.373737493844704,37238424,19.35617804055511
2023-07-25,20.092721939086914,20.33861173894224,19.896010099202655,20.33861173894224,39541700,19.38032702083484
2023-07-26,20.20513343811035,20.23323556957929,19.903040838566454,20.08570165668759,38028465,19.407369854188136
2023-07-27,19.755510330200195,20.177036334417483,19.734434485453487,20.177036334417483,22188332,19.418784296024597
2023-07-28,20.050567626953125,20.078669750564494,19.713348216468912,19.804679359099335,18444673,19.439498503596024
2023-07-31,20.120830535888672,20.289440304816946,20.015449809861906,20.226211261915434,17263407,19.46183725875316
2023-08-01,20.18243980407715,20.19649953122234,19.88015946832888,19.91530954576653,16807601,19.4854635717146
2023-08-02,20.119178771972656,20.21056627054919,19.90125520433626,20.168387074479284,20784091,19.506241119264043
2023-08-03,19.964519500732422,20.477692787322603,19.880162643537354,20.273828989880734,24826182,19.521266639967923
2023-08-04,19.598968505859375,20.0629318827753,19.472432487009844,19.915308552983202,50087777,19.5238142421283
2023-08-07,19.44431495666504,19.880160442935544,19.41619702014554,19.634119003706086,37391152,19.521207708178682
2023-08-08,19.402141571044922,19.690362257338755,19.0576834801607,19.233426318974256,50438327,19.517303900403803
2023-08-09,19.331844329833984,19.4021414649751,18.924118211545984,19.331844329833984,39723999,19.511223258745776
2023-08-10,19.395109176635742,19.64115216682834,19.345900882427145,19.437288365592945,34693139,19.507416239660202
2023-08-11,19.430261611938477,19.542737943620807,19.30372554890213,19.423230986686573,22008185,19.504886579734897
2023-08-14,19.149066925048828,19.41619873925654,19.099858632846033,19.31778215485095,28513531,19.493220361548467
2023-08-15,19.043624877929688,19.23342745892776,18.888969347627718,19.191249782772562,28083444,19.47847952601998
2023-08-16,19.029560089111328,19.345898652808632,18.97332269613271,19.015500361079315,38445182,19.463760855957403
2023-08-17,18.804615020751953,19.219371847017385,18.79758591349154,19.20531211334652,43034739,19.44214951709821
2023-08-18,18.952234268188477,19.10688977308895,18.65698450699621,18.769460823519395,23685478,19.426086722051988
2023-08-21,18.874910354614258,19.03659498454053,18.7835228614734,18.88193946063289,37088868,19.408015365742553
2023-08-22,19.170156478881836,19.226393873704513,18.93114413279912,18.980352422950016,24097210,19.400216713714332
2023-08-23,19.40916633605957,19.486492554131253,19.057677726254617,19.17015402062623,27395600,19.40051014395516
2023-08-24,19.184219360351562,19.402141389936034,19.078772138897975,19.402141389936034,21142233,19.3934186428534
2023-08-25,18.881935119628906,19.191244577183394,18.74836998278367,19.15609601687143,25293885,19.37664869127227
2023-08-28,19.521650314331055,19.676304330496947,18.783524247037356,18.89600058568068,38836520,19.381402842847965
2023-08-29,19.830957412719727,20.098089274098204,19.606004746027264,19.68333251004339,40091091,19.39614233694212
2023-08-30,19.451353073120117,19.929376407886586,19.388085033067938,19.90125694138562,19884943,19.39795252501353
2023-08-31,19.282634735107422,19.430261151249486,19.106891895223555,19.366993121231392,41890409,19.394171613869066
2023-09-01,19.449800491333008,19.639726743148398,19.224703049209772,19.316149360112185,33312919,19.395995511490835
2023-09-04,19.273948669433594,19.492012545467272,19.217675052471073,19.365395007141647,11195852,19.39199397568568
2023-09-05,18.985538482666016,19.323183128134918,18.957400922167764,19.27394315732674,23401321,19.378667566078477
2023-09-06,18.802650451660156,19.112157587198094,18.7112041251641,19.0347815633775,21773767,19.359781759048367
2023-09-08,18.83078384399414,19.069950073358612,18.66196151745896,18.74637268072655,25732129,19.342437565112164
2023-09-11,19.309120178222656,19.33725622487395,18.9152003238259,18.99257635227679,31296405,19.341345191771524
2023-09-12,19.42166519165039,19.484972424541713,19.217670151908667,19.330218877261416,18673652,19.343978634390503
2023-09-13,19.520145416259766,19.72414047481309,19.337254290743907,19.456836657402793,26195186,19.349754594451788
2023-09-14,19.44277572631836,19.674906904293113,19.32319180059399,19.55532449869695,34267698,19.35280446762774
2023-09-15,19.400556564331055,19.69599632681806,19.30207664350205,19.639722737827434,40731689,19.354370110142604
2023-09-18,19.3513240814209,19.555319150607538,19.24580897111669,19.449804040303334,16235663,19.35427024034845
2023-09-19,19.29399299621582,19.47869215046802,19.222955214231607,19.393446505055884,21474768,19.352293937262132
2023-09-20,19.620777130126953,19.77706062029337,19.34372751989608,19.3721432581649,27867381,19.361096664897044
2023-09-21,19.173229217529297,19.46448505626812,19.151916653967433,19.393447271476525,25385884,19.354937076458757
2023-09-22,19.123502731323242,19.336617623864417,19.102191702615777,19.26557830291369,18539052,19.347349065142836
2023-09-25,19.180334091186523,19.315306508380704,19.13060733036995,19.13771049541991,16063674,19.341873164357384
2023-09-26,18.896183013916016,19.180335737956472,18.881975147440627,19.15902470582127,27469811,19.327260372539634
2023-09-27,18.86066246032715,19.1235056857183,18.7256900324021,19.045363188177998,26052315,19.311962080335945
2023-09-28,19.357934951782227,19.450285331491894,18.789627875022738,18.84645935027669,32463735,19.313469387596477
2023-09-29,19.329517364501953,19.585255908360946,19.194544926423422,19.535529139850127,19969351,19.313995550773704
2023-10-02,19.150135040283203,19.327846351760563,19.02218430927959,19.292304396695545,14289396,19.308623075019916
2023-10-03,18.908449172973633,19.143027305840576,18.87290568167816,19.07194339555417,24198953,19.29550261921512
2023-10-04,19.342063903808594,19.42736490523606,18.922666673393415,18.979533495627624,26973104,19.297029218709987
2023-10-05,19.647729873657227,19.782789936983875,19.24254814752479,19.306524290395835,32443908,19.308527600839405
2023-10-06,19.832542419433594,20.10977176799773,19.35627693059817,19.47001208734633,50011299,19.325708414563803
2023-10-09,19.66193962097168,19.725915744945095,19.47712056068851,19.65483184548665,16544632,19.336732388544387
2023-10-10,19.640613555908203,19.93916775873774,19.541095488298357,19.704589675964808,27848800,19.346695705507134
2023-10-11,19.88941192626953,19.917846103349575,19.60507476392567,19.690375759013612,17994759,19.36448967995836
2023-10-13,19.68326759338379,19.967604750102,19.612182152090114,19.86097889238973,25238141,19.374941414824768
2023-10-16,19.711700439453125,19.832543377267793,19.597965277212005,19.818326289968645,12962992,19.38598269432078
2023-10-17,19.420257568359375,19.654835711635897,19.3349550288476,19.619293754915496,30382867,19.387106460682702
2023-10-18,19.015079498291016,19.39893639063467,18.915561386087692,19.242549907942227,63292779,19.374908855358385
2023-10-19,19.23543357849121,19.47711943716931,18.894228115699132,18.96531201105717,26245718,19.3703358954611
2023-10-20,19.16434669494629,19.35627504125339,19.007961829777116,19.135914060648517,27017857,19.363582151181927
2023-10-23,19.1856746673584,19.41314497734297,19.064830201093617,19.121698546665737,18187709,19.357749118925415
2023-10-24,19.1856746673584,19.462904011642596,19.064830201093617,19.37049371816388,17958163,19.352107333628137
2023-10-25,19.221214294433594,19.78278069031719,19.171455266142033,19.228322068695913,28965258,19.347815758572576
2023-10-26,19.697481155395508,19.77567282259242,19.256757642881784,19.334949310078695,32592557,19.359280197812673
2023-10-27,19.406038284301758,19.832544789028407,19.327845066666367,19.789893524094875,34189408,19.36081324982871
2023-10-30,19.249656677246094,19.54110166093536,19.185680536980723,19.54110166093536,17119856,19.357168772039113
2023-10-31,19.064834594726562,19.3207391364723,18.95110094967547,19.24965522427729,28770042,19.34758404491411
2023-11-01,19.33346176147461,19.44727183681378,19.105841610796265,19.134294513922022,29703861,19.34712101922757
2023-11-03,19.866945266723633,19.994981793793517,19.596647298166197,19.738908739653745,40014727,19.364164437178257
2023-11-06,20.051883697509766,20.073222602147027,19.831376046658313,19.952298555820885,20420512,19.386712609648143
2023-11-07,20.613819122314453,20.756080530255826,19.881167030195073,20.051882871753623,68857281,19.42694561006343
2023-11-08,20.70629119873047,20.791648361104613,20.471558617910645,20.670725842504883,26848927,19.468891367068906
2023-11-09,20.79875946044922,20.933908410165614,20.47155576924312,20.713400772789257,29266749,19.512493599638752
2023-11-10,21.047718048095703,21.246885241110284,20.820097959746626,20.92679401150582,27757367,19.56282882745701
2023-11-13,20.90546417236328,20.997935353710492,20.748976254503514,20.969482446039947,17013694,19.606849658437543
2023-11-14,21.21843910217285,21.389153454211975,20.933914669719666,20.97659248914748,47389424,19.6596886565928
2023-11-16,21.55986785888672,21.737696193361867,21.1757598246649,21.339360170758553,46722314,19.721989614045057
2023-11-17,21.659452438354492,21.759036064119456,21.424719825789065,21.54564236074255,27884376,19.78551298533389
2023-11-20,21.87284278869629,21.929747050197076,21.517187695698137,21.68078956111293,26508121,19.853950028067086
2023-11-21,21.8372802734375,21.94397635406556,21.70213128977641,21.787488461711632,18805760,19.91897724922677
2023-11-22,21.972427368164062,22.214273948825905,21.88707020356686,21.979539824728942,44180768,19.98630348263455
2023-11-23,21.943971633911133,22.14313883797368,21.75191842265855,21.972424530823936,25892449,20.050489323660013
2023-11-24,21.823049545288086,21.972424951192796,21.62388233741514,21.858614898527748,23216076,20.10860605223798
2023-11-27,21.766143798828125,22.022216802185426,21.702127085152362,21.92974565382561,20472630,20.16295155212618
2023-11-28,21.979541778564453,22.08623939666846,21.68079244449928,21.75903562232317,23380701,20.222511887419238
2023-11-29,22.128915786743164,22.320970564643478,21.936862546006612,22.19293558320703,25551189,20.28501693329871
2023-11-30,22.4703426361084,22.52013443733483,22.2142711742997,22.26406297552613,48828674,20.35666695634165
2023-12-01,22.418855667114258,22.546963774120353,22.15552301961205,22.45444091061079,34579613,20.424279700957143
2023-12-04,22.447317123413086,22.596776019949942,22.28362382653614,22.29074025769482,14713024,20.49060879677537
2023-12-05,22.632362365722656,22.746236036025355,22.433083827198633,22.482903461829636,29425256,20.560830225265445
2023-12-06,22.433090209960938,22.77471131806859,22.290747697076938,22.717775235728936,26385417,20.62221579853415
2023-12-07,22.68217658996582,22.68217658996582,22.388068204636216,22.56022837887754,22783950,20.689755496613877
2023-12-08,22.96910858154297,23.040841722402067,22.553053574231864,22.617614021078015,20982366,20.764488384644338
2023-12-11,22.811290740966797,23.004972055435175,22.761077239087832,22.847158856750802,21996515,20.83159665862212
2023-12-12,22.69651985168457,22.91172082440383,22.51718699957053,22.868681559969424,16825276,20.89274168134548
2023-12-13,23.38516616821289,23.507112831160427,22.6965223593522,22.6965223593522,53507397,20.97446051698048
2023-12-14,23.578845977783203,23.700794190902204,23.248872563356258,23.48559319442567,48235322,21.059850204219913
2023-12-15,23.478412628173828,23.700786244900097,23.169957401570876,23.614706185205478,31684684,21.13914733287414
2023-12-18,23.593191146850586,23.693618167656854,23.435377921376073,23.55015188089502,31521986,21.2196077857914
2023-12-19,23.6075382232666,23.923166226239154,23.550152018263628,23.68644561155536,27090256,21.297900587020095
2023-12-20,23.3636417388916,23.65057582527383,23.299081298173704,23.521454943838034,25825488,21.365629805114242
2023-12-21,23.52145767211914,23.578843875978972,23.349295960174757,23.492763795098,24714129,21.43631268599965
2023-12-22,23.89447021484375,24.059457670994643,23.52863028402755,23.54297567136038,36993016,21.51690801481421
2023-12-26,24.138368606567383,24.23162293905632,23.837087524932837,23.937514552144354,26212408,21.602857542412675
2023-12-27,24.303363800048828,24.353577329590603,24.080988490518795,24.10968237888068,20593974,21.69139873118763
2023-12-28,24.3679141998291,24.3679141998291,24.202926735230328,24.30335375279633,14225154,21.779153336716856
2024-01-02,24.057615280151367,24.323166208162824,23.85665526408074,24.323166208162824,21468310,21.853857006993398
2024-01-03,23.79205894470215,24.23703902468906,23.79205894470215,24.05043497533592,20995509,21.917404611508438
2024-01-04,23.634170532226562,23.849483436445745,23.469097253958896,23.792065834793323,30121031,21.973692018745098
2024-01-05,24.186800003051758,24.186800003051758,23.598279048129736,23.619809867544802,31414011,22.046252936263347
2024-01-08,23.928428649902344,24.165273913781654,23.892544977845503,24.05761824464536,13381523,22.10796361539905
2024-01-09,23.914072036743164,24.0001968686915,23.533685940565352,23.827947204794825,21458906,22.167180284951314
2024-01-10,23.892539978027344,24.071966055707307,23.820767995967092,23.83512239237914,11422452,22.2237494552161
2024-01-11,23.935609817504883,24.10068310632131,23.77771450484806,23.835130559180868,23114559,22.27987602447147
2024-01-12,23.964309692382812,24.02890369881105,23.655694056224366,23.871006893989087,27608377,22.33510335784561
2024-01-15,24.007375717163086,24.093499001259868,23.813593674980115,23.94995812644736,11169567,22.389931959790445
2024-01-16,23.670055389404297,24.093503215551937,23.648524564614057,23.82795224050252,40226258,22.431903219777784
2024-01-17,23.68440055847168,23.79923416424373,23.562390530896153,23.612630136484672,30594852,22.47296870629234
2024-01-18,23.58392906188965,23.827950747851283,23.497804217135123,23.827950747851283,25613957,22.509393635984054
2024-01-19,23.641338348388672,23.71311032431978,23.476265130229322,23.64851632147585,36066109,22.54650657737437
2024-01-22,23.253780364990234,23.806416155757717,22.945164686464352,23.648520880247766,41153165,22.569695881886364
2024-01-23,23.361440658569336,23.411680285880458,23.088711696305758,23.382973035266062,24343524,22.59565472702351
2024-01-24,23.253780364990234,23.734645716979415,23.18918634969439,23.47626965579603,26632184,22.61723261679291
2024-01-25,23.203536987304688,23.44755861098881,23.146120955784518,23.382964606161007,17399934,22.636455710908052
2024-01-26,23.548038482666016,23.619808911804345,23.21789202704854,23.239422845592394,16393377,22.666343670637822
2024-01-29,23.426029205322266,23.598278861255327,23.289663214137956,23.47626726656349,9956124,22.691251393086493
2024-01-30,23.275310516357422,23.497801351746407,23.203540079645308,23.37579129913813,23823364,22.710400872538
2024-01-31,23.526514053344727,23.921254648807146,23.3040247173327,23.311202693262043,27023862,22.737158681744777
2024-02-01,23.47454833984375,23.740243793836132,23.151404381299795,23.53917557972908,26301462,22.761335391846384
2024-02-02,23.510456085205078,23.618169718192114,23.115502993938595,23.51763637334141,25338865,22.785896726054865
2024-02-05,23.955677032470703,23.962857320961792,23.553543633199755,23.610990596599713,21139400,22.824250178724235
2024-02-06,24.982559204101562,25.040006178319054,23.898233017396034,24.099299754893313,76215210,22.895014409064473
2024-02-07,24.80303192138672,25.04000475005522,24.48707125347663,24.774309211828317,53422083,22.957572360288154
2024-02-08,24.314727783203125,25.018461340111553,24.314727783203125,24.72404308571255,55241227,23.00206925940012
2024-02-09,24.623506546020508,24.70967776917029,24.22855342544155,24.3290867777536,30560069,23.05523113764997
2024-02-14,24.623506546020508,24.731220187001792,24.50142922405317,24.55887774070222,14313415,23.10665000349818
2024-02-15,24.831756591796875,24.86766269502824,24.515794366858312,24.688136834343354,32298657,23.163210875245678
2024-02-16,24.80303192138672,24.98255777911446,24.61632732604932,24.903565284401008,25879532,23.216975499709317
2024-02-19,25.075908660888672,25.0902707912133,24.8102131294428,24.831755549017785,32035461,23.277924127944704
2024-02-20,25.621662139892578,25.815547021877915,25.054366520773524,25.054366520773524,62343778,23.354767997188898
2024-02-21,25.47804832458496,25.72938178708344,25.47804832458496,25.60012413442014,32185244,23.424383745628113
2024-02-22,25.333520889282227,25.75624129488712,25.333520889282227,25.733991755939375,24314973,23.48697840607579
2024-02-23,25.407676696777344,25.49667002694601,25.118448774390686,25.363180833016017,25725331,23.54995212052502
2024-02-26,25.481849670410156,25.541178047489627,25.333526323741474,25.429936739473117,15356342,23.61329302379994
2024-02-27,25.793319702148438,25.845232617882154,25.511507188921463,25.674661380093344,17802262,23.684769308335955
2024-02-28,25.808155059814453,25.87490047355071,25.556005897104857,25.73399259863729,15121697,23.754388513302462
2024-02-29,25.170364379882812,25.771071426170757,25.022041078617406,25.71174146460612,48078175,23.800813951550996
2024-03-01,25.279922485351562,25.42832297695783,25.16120241276259,25.317022207383072,16520612,23.849309313314947
2024-03-04,25.08700180053711,25.376381863780384,25.08700180053711,25.287342214354798,17674233,23.889889394863214
2024-03-05,25.064739227294922,25.257658711397852,24.93117896773137,25.168619072848802,20542423,23.928409061500318
2024-03-06,25.339290618896484,25.443170511885175,25.049910458862087,25.198309389714105,36605983,23.974667473218226
2024-03-07,25.07216453552246,25.48026471374292,24.856983887622103,25.26508406584256,18729056,24.010650983457708
2024-03-08,25.302183151245117,25.420901618241935,24.968282451940947,24.990543567548027,19630131,24.052996300434344
2024-03-11,25.42832374572754,25.42832374572754,25.22056401328574,25.23540422324305,22865412,24.098089003558712
2024-03-12,25.53219985961914,25.680598730422318,25.324440157710658,25.569299577319935,24434504,24.145109031626266
2024-03-13,25.784482955932617,25.910622330367612,25.376382810404998,25.458003160206562,30214957,24.19885899635762
2024-03-14,25.769643783569336,25.91804267629283,25.63608349733397,25.821583716718617,32383745,24.25036013692194
2024-03-15,25.628658294677734,25.895778822373142,25.524780049271754,25.87351931289186,42577460,24.29555024045492
2024-03-18,25.732540130615234,25.932880541856957,25.509940208173365,25.725120828041895,14672010,24.342664663083124
2024-03-19,25.769643783569336,25.85868343989949,25.702863640451653,25.791903296781808,11934228,24.389450863754803
2024-03-20,25.821584701538086,25.969983599921424,25.643505382085944,25.76964476640785,19759180,24.436406071550977
2024-03-21,25.554458618164062,25.918038085813553,25.42831926099424,25.821579143323685,38034356,24.47306353209567
2024-03-22,25.197124481201172,25.555802875240364,25.114927046455595,25.48107881537205,13144839,24.496803235345027
2024-03-25,25.197124481201172,25.21206961613831,25.070093256461565,25.13734555627,13844693,24.519764587668178
2024-03-26,25.697776794433594,25.697776794433594,25.092507768456656,25.16723343604576,19262812,24.558387938709664
2024-03-27,25.83975601196289,25.91448007303816,25.5184412574853,25.6305273490982,19398772,24.60040000668518
2024-03-28,25.88459587097168,25.996683596686815,25.697784071324914,25.832288696256,18913508,24.642504789120803
2024-04-01,25.00063705444336,26.009934311294746,24.993159868920763,25.852931187368778,35605204,24.654246830606787
2024-04-02,25.03054428100586,25.09035369108246,24.776350652988306,25.008115954182244,20491664,24.666584451931346
2024-04-03,24.84363555908203,25.105304739693466,24.679156865188684,25.000637067448892,33775409,24.672389406264156
2024-04-04,24.514678955078125,25.18754323194981,24.380105776575643,24.94830238475445,54117291,24.66721857179904
2024-04-05,24.46982192993164,24.664204509425165,24.3202959988224,24.52215576347377,28261098,24.660746550754208
2024-04-08,24.83616065979004,25.067924335834867,24.589442612288455,24.641776449823794,19296916,24.666497833017676
2024-04-09,25.097820281982422,25.14267853522116,24.881009430429298,24.955771570186883,20178616,24.68063955265586
2024-04-10,24.5670166015625,25.045496754559707,24.432443402177892,25.00811728495851,31255391,24.67691420999706
2024-04-11,24.52215576171875,24.61934624363821,24.33524713611505,24.462344743023053,20688126,24.671840162512527
2024-04-12,24.267963409423828,24.46982318442393,24.215627957557924,24.447393243441173,25841237,24.65859830175552
2024-04-15,23.85676383972168,24.395054857011598,23.767048939446774,24.26795888292552,35825686,24.632308647262608
2024-04-16,23.677339553833008,23.826865509747098,23.460528614180593,23.70724506814402,34875666,24.60099818518295
2024-04-17,23.69229507446289,23.752104490341566,23.460529750785543,23.69229507446289,28706141,24.571204640569174
2024-04-18,23.722198486328125,23.924058290090905,23.445576510345504,23.737151243900296,24583607,24.543368373217007
2024-04-19,23.587617874145508,23.901620837599022,23.512855725411004,23.759572108747268,30496961,24.512032291280235
2024-04-22,23.572669982910156,23.729669870615577,23.385762969695964,23.65490771158619,24603774,24.481233527071378
2024-04-23,23.92405891418457,24.155822623496572,23.475482637881747,23.475482637881747,53107109,24.46296550697673
2024-04-24,23.81939125061035,23.991345543905922,23.639961386145867,23.924058940821475,27387442,24.441864711686026
2024-04-25,23.684810638427734,23.924051459999433,23.51285639890061,23.759572789303682,23076377,24.417043266661164
2024-04-26,24.081056594848633,24.185724268189837,23.714719738154425,23.789481900357913,30762989,24.406027310208295
2024-04-29,23.89415168762207,24.148345323499637,23.70724464993683,24.110964239090777,25020378,24.389244502910383
2024-04-30,23.445573806762695,24.073579858530426,23.445573806762695,23.856768937837632,53143478,24.358304480085867
2024-05-02,23.787914276123047,24.019810048532488,23.578461073011557,23.877681320214037,31652054,24.33960316192315
2024-05-03,24.087135314941406,24.37887419602836,23.997371494976893,24.132018841474235,32765680,24.33132552759588
2024-05-06,24.236745834350586,24.438719282096216,24.012331431261195,24.07217613424535,21100312,24.32822455404685
2024-05-07,24.737934112548828,24.86510166185105,24.072172402633786,24.31154794436178,43603391,24.341657654325605
2024-05-08,24.8950252532959,24.962349728807084,24.401312971730675,24.55840449229039,27721450,24.359800854291844
2024-05-09,24.14698028564453,24.655652175923212,24.132019109967132,24.603288869327603,31837186,24.352823130729636
2024-05-10,24.423757553100586,24.700535256756215,24.16942080428038,24.18438197968752,26443200,24.355148849495897
2024-05-13,24.72297477722168,24.82022160345075,24.4761194387023,24.54344391585312,26666401,24.36720871597871
2024-05-14,24.99226951599121,25.104475885977518,24.543440802945458,24.550920580991107,34497357,24.38770251270043
2024-05-15,24.924949645996094,25.111960297143135,24.82022303473353,25.067078387488067,23867664,24.405317172808484
2024-05-16,24.85014533996582,25.14936399780292,24.77533946309363,25.03715599076991,20274355,24.419901702879216
2024-05-17,24.857624053955078,24.962350660536902,24.730456493548715,24.805260750664164,21065189,24.434253255373505
2024-05-20,24.78282356262207,24.984795410833772,24.685576720354813,24.827705477091012,17755129,24.44568179003739
2024-05-21,24.65565299987793,24.89502858561473,24.55840777955092,24.812742924914463,18694273,24.452566091999376
2024-05-22,24.27414894104004,24.573367618334892,24.17690371960831,24.528485705843526,23786768,24.44671634934497
2024-05-23,24.057212829589844,24.266666038397926,23.974927178543684,24.236743689553787,21792348,24.433945742139883
2024-05-24,23.8253231048584,24.117060402497874,23.735556041606984,24.102099225289304,23438031,24.413990901573275
2024-05-27,23.7430362701416,23.840283115557693,23.638311260806187,23.825323554617476,13641546,24.39199238906732
2024-05-28,23.61586570739746,24.042253554178725,23.563502401059452,24.034772158101536,28440452,24.366545612619127
2024-05-29,23.451295852661133,23.58594481564793,23.15207557567923,23.458775632137925,28148705,24.336537423768046
2024-05-31,23.21192169189453,23.49617919414025,23.18948073554636,23.443815884960742,38825757,24.299664776821373
2024-06-03,23.539487838745117,23.689183114143532,23.270036666522067,23.32243138776142,25750257,24.274740942786085
2024-06-04,23.6218204498291,23.704151315149986,23.329915550820047,23.457155484246357,25163703,24.253333713508805
2024-06-05,23.5769100189209,23.681696220972842,23.449670092849367,23.539486606398118,25288786,24.23115588745674
2024-06-06,23.876300811767578,23.951149260161973,23.54697410871433,23.584395906705744,14607995,24.219521294811194
2024-06-07,23.539487838745117,23.80145335758948,23.44967132049426,23.636790010374657,26331259,24.197225115923782
2024-06-10,23.352375030517578,23.65176401851285,23.13531692242823,23.56943152113615,23061082,24.169525113123576
2024-06-11,23.61433219909668,23.71912001315052,23.382306083081808,23.487092279665337,16807035,24.151322066762038
2024-06-12,23.5769100189209,23.756543046018404,23.31494451379104,23.704149944992434,39355661,24.132488884865605
2024-06-13,23.329919815063477,23.704155647796252,23.329919815063477,23.57691569111302,23094958,24.106175144872093
2024-06-14,23.307462692260742,23.479611700194358,23.157767410479604,23.299977038562883,17478111,24.07998785134385
2024-06-17,23.876300811767578,23.951149260161973,23.41973255517912,23.509549075781873,30480419,24.073309587751186
2024-06-18,23.861331939697266,24.123297456619927,23.741576043751124,23.83139256134311,24588705,24.066359500929746
2024-06-19,24.048452377319336,24.168208290030314,23.651762837210665,23.75654744117824,16497726,24.065772382122848
2024-06-20,23.88378143310547,24.29544215139221,23.846358025528524,24.235563405292954,23141638,24.05980546576162
2024-06-21,24.050514221191406,24.27683658442981,23.869455352424026,24.050514221191406,58654050,24.059500834792104
2024-06-24,24.397541046142578,24.789832258342436,24.125953568239314,24.133496940272465,36808677,24.07058412041015
2024-06-25,24.472976684570312,24.654033882254833,24.322094599637175,24.389991456342383,27162088,24.08377731923507
2024-06-26,24.427717208862305,24.427717208862305,23.99770585752484,24.314556841761217,26776528,24.095054036927767
2024-06-27,24.472976684570312,24.60122539707234,24.352271342682613,24.480520055184645,17012674,24.10744494340785
2024-06-28,24.45035171508789,24.54842371171005,24.178764213038345,24.503160214898134,32848049,24.118687788380964
2024-07-01,24.335350036621094,24.652373630100275,24.28251277104123,24.44102456778082,17694174,24.12579146865113
2024-07-02,24.652374267578125,24.652374267578125,24.32780318398708,24.36554385592254,34497357,24.143056478452014
2024-07-03,24.803340911865234,25.127913657068227,24.727859560917786,24.803340911865234,28588875,24.16470514839999
2024-07-04,24.841079711914062,25.090169456181343,24.833532229862232,25.037332188270625,11373280,24.18688136359717
2024-07-05,24.85618019104004,24.969402226604522,24.61463789108301,24.90901746720671,19063291,24.208825587447755
2024-07-08,24.81088638305664,24.909013436279324,24.607086425784136,24.78069482383496,19708195,24.228565285664438
2024-07-09,24.9844970703125,24.9844970703125,24.569346373354286,24.712763225324,19027715,24.253349934341422
2024-07-10,25.248687744140625,25.27133182583116,24.984499722624896,25.044886115376933,38936224,24.285983960892214
2024-07-11,25.39964485168457,25.407192333519507,25.195843267950185,25.248682165525103,22220282,24.32249743272147
2024-07-12,25.2562255859375,25.429833952049208,25.150551070146225,25.39964076719961,24991940,24.35311147053183
2024-07-15,25.354358673095703,25.414745061093885,25.195846851374714,25.286424802189163,22336415,24.38593924766507
2024-07-16,25.505321502685547,25.550611291004255,25.301521533208167,25.331713094237916,22061662,24.422640305206727
2024-07-17,25.784605026245117,25.852538894642937,25.36945433322857,25.452484798068433,18500757,24.467294886224376
2024-07-18,25.663835525512695,25.82234735150708,25.490227102111767,25.716672800844158,17774957,24.50652572685678
2024-07-19,25.86008071899414,26.131816133128726,25.709118049970396,25.77705190350404,26942513,24.550904579058002
2024-07-22,25.844989776611328,26.003499951265788,25.792152507998953,25.875181336402214,14046027,24.593333601928602
2024-07-23,25.807249069213867,25.965762516042194,25.73931683209384,25.822345665634792,19171379,24.63313410905271
2024-07-24,25.769508361816406,25.912925212046073,25.701574493597818,25.89027950185137,17873754,24.670392281274466
2024-07-25,25.656286239624023,25.822345537061846,25.543062582622223,25.716670993824298,22461951,24.7027166733515
2024-07-26,25.844989776611328,25.920471122862526,25.603447511188293,25.603447511188293,12668639,24.74016825050756
2024-07-29,26.0336971282959,26.12427508390239,25.852541217082912,25.875185298188807,17147388,24.782579033385865
2024-07-30,25.935569763183594,26.048791791487144,25.769508830919044,25.9808579220319,19972297,24.82038200813333
2024-07-31,25.573253631591797,25.973307692079505,25.550609554562715,25.86008404456887,28667619,24.845066323656557
2024-08-01,25.20142364501953,25.76783203244076,25.12590132987269,25.692311349326662,25644208,24.85675017025862
2024-08-02,24.88423728942871,25.3298116489098,24.763403205223202,25.292051303601745,27354812,24.85765138728059
2024-08-05,24.88423728942871,24.944653515515014,24.431109881666274,24.506630572282376,30036736,24.858523056203477
2024-08-06,25.435544967651367,25.63189975842986,24.92955107689831,24.92955107689831,29244996,24.87744180739849
2024-08-07,25.503509521484375,25.813146951861427,24.974861444279288,25.71496875236641,46066533,24.89796861769639
2024-08-08,25.412883758544922,25.782937403685146,25.329810024973458,25.563926762126417,22235464,24.914851081330767
2024-08-09,26.100128173828125,26.100128173828125,25.488404736720184,25.526165080040542,27350166,24.953712625347073
2024-08-12,26.137887954711914,26.296484014399883,26.03215996830808,26.183201347770318,23753798,24.992538045981984
2024-08-13,26.877992630004883,26.877992630004883,26.21340609664977,26.31913569822751,44797573,25.0543562290647
2024-08-14,27.54257583618164,27.776690901828378,26.877990975761943,26.877990975761943,61454486,25.135937199789847
2024-08-15,27.980606079101562,28.01081500736006,27.61055242005,27.693626156744433,36976474,25.229205031898427
2024-08-16,27.74648666381836,28.312893372645117,27.670965986912474,28.124090048347792,39069012,25.3117388558958
2024-08-19,27.912633895874023,28.139195924841886,27.776692108802038,27.85221604918985,25227717,25.3970141031082
2024-08-20,28.116554260253906,28.214730862691518,27.74650047437861,27.942853679253837,17856533,25.486179354162157
2024-08-21,28.003263473510742,28.229828815667762,27.874877969519186,28.19206683728629,16012462,25.56870670233752
2024-08-22,27.74648666381836,27.7540364466633,27.4141917685542,27.429297862374508,24315199,25.640109324025413
2024-08-23,27.53502655029297,27.98060081411618,27.467055658484703,27.78424444941632,24645695,25.70223775767353
2024-08-26,27.59544563293457,27.670969583722652,27.38398640448548,27.587895849108275,16314180,25.76431014702635
2024-08-27,27.62565803527832,27.723837878025936,27.43685466269112,27.58789931920051,16586780,25.825337946641167
2024-08-28,28.222270965576172,28.297791645424486,27.361329666394326,27.459504591757927,36121512,25.9039259144751
2024-08-29,27.912633895874023,28.229822694868147,27.912633895874023,28.086331125009533,25176619,25.96978519255375
2024-08-30,27.716278076171875,27.92018423269569,27.49726582564466,27.814454630932932,69846390,26.02704725431172
2024-09-02,27.495391845703125,27.729619620110434,27.457611697608066,27.63139580695431,11520344,26.075189699931112
2024-09-03,27.941179275512695,27.94873595789757,27.47272048346761,27.570947557562068,17829227,26.136369686015755
2024-09-04,28.13762664794922,28.553195190962025,27.97140249638036,28.069626303985086,23012702,26.201984668374227
2024-09-05,28.318965911865234,28.409633032290888,28.062068117508336,28.182961965590664,13102351,26.271393889472293
2024-09-06,27.918508529663086,28.394520670864676,27.858061610439947,28.394520670864676,18068290,26.325397648167073
2024-09-09,28.19052505493164,28.29630884111949,27.933630438062146,27.971410594960464,15484371,26.386549366421647
2024-09-10,28.19052505493164,28.24341858084417,27.971410594960464,27.994077382844573,15099944,26.44569611030722
2024-09-11,28.243404388427734,28.364294951607413,28.06206364520486,28.243404388427734,22282257,26.504637365327564
2024-09-12,27.933624267578125,28.167852044823046,27.72961995604811,28.11496179623108,16309421,26.55148939490955
2024-09-13,27.963855743408203,28.205640272749015,27.638957475952974,28.077192955894894,22909713,26.597796488302947
2024-09-16,27.956296920776367,28.122524384294902,27.827849613743744,28.001633761686897,12252828,26.64233748608896
2024-09-17,27.888286590576172,27.94117683137114,27.699392406931853,27.888286590576172,19981701,26.683188276400013
2024-09-18,27.729610443115234,27.978951500496795,27.623829982220396,27.84294431862015,18703790,26.717497199898872
2024-09-19,27.65406036376953,27.86562133854651,27.480276268410616,27.805174412714177,27012532,26.748204188878237
2024-09-20,27.351831436157227,27.770519536124826,27.33660614514398,27.64872049819517,34731661,26.767995246166073
2024-09-23,27.19196319580078,27.389888663267957,27.07777599556171,27.207188484850253,17373195,26.781895834678686
2024-09-24,27.184350967407227,27.656326695444804,27.039713191231588,27.44317594211482,27208315,26.79509108493208
2024-09-25,27.526918411254883,27.534530233829205,27.23764118693314,27.23764118693314,24582587,26.819085423500038
2024-09-26,27.877098083496094,28.082635422718997,27.66394727536072,27.78574961725334,42599440,26.85377436317204
2024-09-27,27.983667373657227,28.059792175619915,27.80096719091157,27.816190835233712,31411178,26.890820035646964
2024-09-30,27.488855361938477,28.1663701090183,27.488855361938477,27.861870873571885,28491777,26.91042775126308
2024-10-01,27.037700653076172,27.654617276442412,26.98438691144927,27.616534621658413,30144937,26.914600633289737
2024-10-02,27.20526123046875,27.616538488332992,27.05293717357439,27.319505919031997,23530370,26.92413048893495
2024-10-03,26.535030364990234,26.9006110585407,26.39032185480123,26.824449031260688,35700490,26.91137310782201
2024-10-04,26.588348388671875,26.763522396297848,26.375095007175183,26.420791572534217,17541559,26.900782133423643
2024-10-07,26.76352310180664,26.900616093283062,26.542652522999298,26.809221314263034,26410683,26.89628183730505
2024-10-08,26.923463821411133,27.045324065439775,26.862532876450498,26.946312102825058,26176152,26.89717304989869
2024-10-09,26.428407669067383,26.809221166425758,26.37509555700138,26.74067467106554,23707005,26.881803693150122
2024-10-10,26.5731143951416,26.634043690929804,26.329393920203728,26.43602142225248,23211884,26.871682732559677
2024-10-11,26.375093460083008,26.634045037642046,26.314162515321385,26.527417530201827,19225310,26.855401117068638
2024-10-14,26.542654037475586,26.71021086759067,26.367480015236765,26.458874799471616,16356101,26.845147114459028
2024-10-15,26.84729766845703,26.892995872970204,26.45125314624609,26.580728923528035,32631872,26.845217624426173
2024-10-16,26.68735694885254,26.86253093410917,26.542648433873367,26.84729819897044,39642197,26.840041864571297
2024-10-17,26.740671157836914,26.9843916324545,26.306543959556052,26.42078865211103,22310809,26.836783808612793
2024-10-18,26.870149612426758,26.946311646444997,26.672125690551184,26.80921866849809,17703125,26.83787776939358
2024-10-21,26.733055114746094,26.976775599825743,26.656893080368434,26.953927318690962,16873089,26.83444096104448
2024-10-22,26.778751373291016,26.84729785759745,26.51218262648403,26.65689113962318,24850542,26.832615072921413
2024-10-23,26.94631004333496,26.96154277841089,26.656891368677293,26.664508559161508,17395402,26.836342776869397
2024-10-24,27.190031051635742,27.289041362752794,26.87776409112171,26.946310577375645,24236796,26.847939113746982
2024-10-25,26.885377883911133,27.250958571478655,26.824448592262755,27.19002927983028,17380220,26.8491666144081
2024-10-28,27.2128849029541,27.349977903528544,27.030093686890563,27.144338402666882,11933889,26.861091804196494
2024-10-29,26.923463821411133,27.372822133978996,26.923463821411133,27.31189118901836,13225282,26.863136788367466
2024-10-30,26.84729766845703,27.1062508689134,26.755902905323158,26.915844152280552,12081065,26.862617472960565
2024-10-31,26.6721248626709,27.121484799572983,26.6721248626709,26.84729885218967,22748147,26.856371813606806
2024-11-01,26.525550842285156,26.89893526424751,26.510312073273234,26.670332321677563,25777562,26.845525224383145
2024-11-04,26.883699417114258,27.08182154974865,26.58651539480138,26.76939711004504,23226386,26.846776837259576
2024-11-05,27.69142723083496,27.92764957390952,27.12754004408682,27.20374212791934,59510598,26.874470292786636
2024-11-06,27.561885833740234,27.760009602648505,27.066579704914535,27.33328287838049,44058971,26.89700850724413
2024-11-07,27.158018112182617,27.798105670862164,27.097056451324182,27.531402521412353,16816325,26.905566199209325
2024-11-08,26.73129653930664,26.952278471767325,26.578894014120873,26.72367550734995,26247984,26.89985243986825
2024-11-11,26.76177978515625,26.99038112345003,26.601756213594285,26.639858083365947,20677703,26.895325467582612
2024-11-12,26.44173240661621,26.88369957334825,26.411253218380185,26.784637683094072,26591283,26.880453563944368
2024-11-13,26.3045654296875,26.556028139026903,26.13692252564645,26.517927928123623,29706013,26.86157198577201
2024-11-14,26.228364944458008,26.373146413319215,26.037863878441822,26.251224743035493,35013665,26.84081109917155
2024-11-18,26.13692855834961,26.342671720781826,26.075966889455966,26.197888580520697,20962992,26.817732983079026
2024-11-19,26.373146057128906,26.4417270986574,26.03024249620869,26.136923750425847,18019798,26.80315636255607
2024-11-21,25.91594696044922,26.235990786110605,25.91594696044922,26.09120929070035,28727441,26.77406752970011
2024-11-22,25.992145538330078,26.213129105007663,25.862604469622674,26.213129105007663,14604143,26.74843074309781
2024-11-25,25.984527587890625,26.068347412239852,25.88546569964921,25.97690655594453,27017291,26.72338473800905
2024-11-26,26.479835510253906,26.79225831964037,26.037869969605158,26.06072977353035,30264922,26.715399517426913
2024-11-27,25.832124710083008,26.5560338120569,25.69496260415221,26.426491091245584,26816070,26.686439687677932
2024-11-28,24.9024715423584,25.77878313531259,24.864371324703427,25.733061886093147,44303925,26.627948928814995
2024-11-29,24.841514587402344,25.092977372318494,24.521470743559487,24.96343628696953,41721478,26.56937731106376
2024-12-02,24.48900604248047,24.893090105044088,24.397515653291727,24.69485900625149,25024231,26.501168417011847
2024-12-03,24.763477325439453,24.793973021539088,24.534750542812617,24.557622726790964,23357474,26.444194938599637
2024-12-04,24.915964126586914,25.045575383521278,24.671988639027774,24.710111147645822,25113058,26.394089010336923
2024-12-05,25.449655532836914,25.541145914592914,25.007452295618652,25.144687044445437,36947243,26.363123978287742
2024-12-06,24.93120765686035,25.45727938444616,24.91595898608208,25.37341251897284,24236456,26.316175902175367
2024-12-09,25.053199768066406,25.25905438824418,24.96933288788865,24.96933288788865,18324009,26.274766848598023
2024-12-10,25.39229393005371,25.53083805479895,25.169081086665766,25.199869409202286,21447916,26.245833310285093
2024-12-11,25.63859748840332,25.977264072297995,25.13059844422865,25.415386291215867,35985666,26.225923939075855
2024-12-12,24.9997501373291,25.53853749732873,24.915083076947834,25.399991700947496,27479555,26.18572151934645
2024-12-13,24.676477432250977,25.115205257446494,24.668781182394362,25.03823610554139,27998356,26.136238106654794
2024-12-16,24.407081604003906,24.71496151138427,24.407081604003906,24.637990702871882,37414605,26.079544450830173
2024-12-17,24.537935256958008,24.7688443945037,24.322420283693347,24.47635859983389,45447689,26.02899988709666
2024-12-18,23.83751106262207,24.507146382247143,23.76054024293224,24.45326764013168,58162101,25.957147794490936
2024-12-19,23.968355178833008,24.276233419003944,23.791324816484437,24.00683975093755,53287369,25.891941479223462
2024-12-20,24.24544906616211,24.26084323019163,23.90678244751728,23.90678244751728,60210112,25.837958121418172
2024-12-23,23.77592658996582,24.09919893637508,23.668169141162736,23.960653169818453,31425454,25.770350530223013
2024-12-26,23.929868698120117,24.037627827576753,23.69895960452502,23.74514208857786,23278278,25.710006863596686
2024-12-27,23.691261291503906,24.037625733388126,23.691261291503906,23.976049093348966,15418543,25.643818484183807
2024-12-30,23.65277862548828,23.91447604003362,23.65277862548828,23.76053609088909,32151480,25.57853848881674
2025-01-02,23.543149948120117,23.758788739681556,23.28900446724992,23.60476198244653,29053972,25.511804438302097
2025-01-03,22.965545654296875,23.58165599503435,22.965545654296875,23.55855231493657,40039200,25.428320543744547
2025-01-06,23.99753189086914,24.066842930204537,23.188884791428073,23.26589983117368,35104078,25.38140944037158
2025-01-07,24.259382247924805,24.53663311059731,24.059146438378395,24.12075681658855,28624338,25.344621663570045
2025-01-08,23.866609573364258,24.190067780193942,23.766492507987792,24.043741686288694,21783171,25.296162250776412
2025-01-09,23.928218841552734,24.005232215895298,23.81269711574848,23.88200981837295,11465733,25.25131164719531
2025-01-10,23.597061157226562,23.982131403556014,23.527748446315634,23.92051936528381,21853643,25.197073926212724
2025-01-13,23.766490936279297,23.97442739018122,23.589358835068833,23.589358835068833,17535780,25.150169565887037
2025-01-14,23.781892776489258,23.83580080712371,23.427628591471493,23.820399463679816,22928521,25.10530803180842
2025-01-15,24.81387710571289,24.867786799451377,23.928218326949274,24.00523169963558,40308287,25.09575291947742
2025-01-16,24.736865997314453,24.944802455459,24.5289295391699,24.759969678377065,24765227,25.083986135144208
2025-01-17,24.913997650146484,25.083429079639856,24.713761867891996,24.852387280333755,23627808,25.07841274219346
2025-01-20,25.15274429321289,25.337578761887304,24.79848003123527,24.79848003123527,10462575,25.080849842226883
2025-01-21,25.20665168762207,25.337574764715594,25.052623265407533,25.15274032520005,15918423,25.084974492895576
2025-01-22,25.114233016967773,25.383781500984337,25.037219639903174,25.299065787638998,23835940,25.085933788766795
2025-01-23,25.060321807861328,25.314467268270086,24.898592727211177,25.19124487382849,22913792,25.085094051687925
2025-01-24,24.998716354370117,25.106535762653873,24.88319460875713,24.975611006673105,9909218,25.08226199603816
2025-01-27,25.59941864013672,25.65332833346939,24.88318961953263,24.99871134198284,22917984,25.099217951582375
2025-01-28,25.645627975463867,25.761149699326204,25.391482512973262,25.59941895306086,16244500,25.117133034332586
2025-01-29,25.584020614624023,25.838166106962998,25.568617605347335,25.75345038808648,13655935,25.132440823850338
2025-01-30,26.20783042907715,26.323352161026413,25.591720072982735,25.591720072982735,29709865,25.167699499431546
2025-01-31,26.03839683532715,26.354152639077707,26.03839683532715,26.30024461352857,20432975,25.196246953067465
2025-02-03,25.79772186279297,26.03658902567486,25.612790888638212,25.95183073039531,25677405,25.215967441910923
2025-02-04,25.890188217163086,26.113644341440235,25.59738318116963,25.736079339442416,23154667,25.23807304109952
2025-02-05,26.283166885375977,26.51432939234917,26.005771210944143,26.059709073732556,45348664,25.27233841304301
2025-02-06,26.32939338684082,26.498911627617726,25.38933254113018,25.659021786793154,44044581,25.306995953167526
2025-02-07,26.136760711669922,26.56055885960734,25.967240786431045,26.421861041713672,40083613,25.334201355085636
2025-02-10,26.421863555908203,26.61449758224658,26.20611211428128,26.244638919548954,42687021,25.36986241085031
2025-02-11,26.699260711669922,26.891896425958592,26.50662666254138,26.50662666254138,35512412,25.41344924038538
2025-02-12,25.959535598754883,26.66843239810209,25.83624883687716,26.506620500514774,34311545,25.43135371115159
2025-02-13,26.09823226928711,26.121348015762855,25.85165875634692,25.974945512817015,15168830,25.453218581910132
2025-02-14,26.791717529296875,26.891888537588013,26.236927967194383,26.275456430878414,33546090,25.49710379329986
2025-02-17,26.845657348632812,27.200106585301498,26.845657348632812,26.876479455776114,20231641,25.541318663966514
2025-02-18,26.800750732421875,26.921837634052046,26.52628464643868,26.88954709582072,34668327,25.582611518669967
2025-02-19,26.550500869750977,26.703878304944134,26.437485733872702,26.679661274253498,25496918,25.61434559575459
2025-02-20,26.47785186767578,26.671591617476437,26.356763215681664,26.550502965482316,17946380,25.642657276801184
2025-02-21,26.397125244140625,26.485923355415572,26.267964830783864,26.453632815953483,34362303,25.66739393146805
2025-02-24,26.25181770324707,26.61508188525887,26.090368506345357,26.53435554231654,29019415,25.686555366608346
2025-02-25,26.518211364746094,26.75231515217319,26.340616891949285,26.461703794607352,29667378,25.713822776383353
2025-02-26,26.45363426208496,26.78460794843561,26.43748899147131,26.760389170269285,24486962,25.73807889066865
2025-02-27,26.429412841796875,26.736167699067657,26.429412841796875,26.61508080630016,23485390,25.760745577590885
2025-02-28,25.783613204956055,26.566647432171354,25.783613204956055,26.42941525891924,40016653,25.761495335865153
2025-03-05,26.169408798217773,26.30671858503318,25.84633012977775,26.17748676856597,29404182,25.774869547745567
2025-03-06,26.217870712280273,26.43594972425486,26.015945895132244,26.169408127800605,21081617,25.789394176090966
2025-03-07,26.330951690673828,26.589415349969094,26.048257608774687,26.153257270362268,23391804,25.80715016017565
2025-03-10,26.565181732177734,26.565181732177734,26.056332412528516,26.20979465640519,31361893,25.83200365433965
2025-03-11,26.330951690673828,26.61364577257297,26.17748943842232,26.61364577257297,21005253,25.848362606350605
2025-03-12,26.411724090576172,26.492495084682613,26.177492571308452,26.427878289397462,20300754,25.86683347468587
2025-03-13,26.839797973632812,26.92056720339461,26.36325707439982,26.411717914074508,32681045,25.898733950061178
2025-03-14,27.712116241455078,27.905963118721747,26.920571044127694,26.97710986211849,35848233,25.95818910715606
2025-03-17,28.544042587280273,28.632889794593037,27.663651975978453,27.695960368720574,30713817,26.042971188471608
2025-03-18,28.697505950927734,28.95516146579242,28.56423688023066,28.706392068369567,30775164,26.130005115109512
2025-03-19,28.76858139038086,28.9729289063718,28.644194959302546,28.8751973339017,25414117,26.21651581265939
2025-03-20,28.502044677734375,28.919622381404682,28.297697139186837,28.72416096034476,32136515,26.2914511852848
2025-03-21,28.564237594604492,28.697506668634542,28.413198030702535,28.528698360316906,49041184,26.365968772475608
2025-03-24,28.590890884399414,28.715275586975004,28.37765896829483,28.502045416326663,32838563,26.438917038440323
2025-03-25,28.82189178466797,29.27501045544489,28.69750534313477,28.69750534313477,19574017,26.51704735798877
2025-03-26,28.51092529296875,28.96404394371129,28.39542497379597,28.919620341231894,32860090,26.582420405037293
2025-03-27,28.546466827392578,28.60865917769946,28.39542726495803,28.56423731709184,29373952,26.64681536970468
2025-03-28,28.15553855895996,28.555347470410137,27.96007541598753,28.413194044117446,22939851,26.696281703778624
2025-03-31,27.906768798828125,28.075577091651436,27.62245844153575,28.075577091651436,26139340,26.735969805255657
2025-04-01,27.913570404052734,28.153592053635222,27.709107970151475,27.904681036741827,12749134,26.774579660953922
2025-04-02,27.922460556030273,28.109144248879517,27.717998129171587,27.886901341573864,12147820,26.81221510013675
2025-04-03,28.420276641845703,28.62473903860089,27.63798626404589,27.691324204658667,32876673,26.864938429373108
2025-04-04,27.68244171142578,28.215821249970737,27.477979263910598,28.073587870650552,32585286,26.891741815669917
2025-04-07,27.73577880859375,28.109146220480568,27.149059587878835,27.46908904755863,33261069,26.919415159700204
2025-04-08,27.74466323852539,28.242485201485717,27.54909019975974,28.03802279667387,37102660,26.946472473760046
2025-04-09,28.251379013061523,28.75809042180223,27.397971795340432,27.557985648663138,37906369,26.98925629472075
2025-04-10,28.135812759399414,28.48251030269226,27.673549950488137,28.144702126533517,36347258,27.026848309956115
2025-04-11,28.27804946899414,28.56251796552981,27.949130641403887,28.233600884377207,28350853,27.067871298777032
2025-04-14,28.740312576293945,28.90921580228843,28.42028311330747,28.58918808573962,27027200,27.122705439023488
2025-04-15,29.104785919189453,29.14923449970902,28.6247426467281,28.70475044095082,25716216,27.18769168427483
2025-04-16,29.06033706665039,29.26479948726404,28.89143385940704,28.980329273176583,32431301,27.249089893533046
2025-04-17,29.113677978515625,29.18479641249915,28.766980415549476,28.953664121709167,20502356,27.310223929106243
2025-04-22,29.682619094848633,29.81596310513299,28.998113322021574,29.069230011077384,21624747,27.38800737716337
2025-04-23,30.304895401000977,30.37601034268277,29.824852080272247,29.94930672109071,28074813,27.483643050076076
2025-04-24,30.891616821289062,30.944953031338756,30.287115323930173,30.358233763538674,27701953,27.595379895033876
2025-04-25,30.776046752929688,31.087185110429242,30.669370844440568,30.891615522262047,32716096,27.699664054309146
2025-04-28,31.10496711730957,31.176082060544633,30.642702521904635,30.7671571654414,15664343,27.811313335063257
2025-04-29,31.353879928588867,31.48722395501801,30.98051246313631,31.11385998244125,25215842,27.927463059441145
2025-04-30,31.629451751708984,31.71834890806789,31.140519138172383,31.158297870869205,32424606,28.048839737876154
2025-05-02,31.547321319580078,31.73409769075653,30.906948185211444,31.50284892450474,39184393,28.16354405203038
2025-05-05,30.98699188232422,31.47616725538798,30.90694786232118,31.351650840774216,28440154,28.256116112040015
2025-05-06,30.826902389526367,31.02257255171207,30.61344466616183,30.9692063735663,17773062,28.340404186711698
2025-05-07,31.164875030517578,31.253816326725232,30.889157361734764,31.058146173990217,13799837,28.433009788147956
2025-05-08,31.413911819458008,32.01870635224206,31.253816785014862,31.662944656803845,34181683,28.530744280977792
2025-05-09,33.11267852783203,33.13046608774603,31.8319322787162,32.37447032913813,59744738,28.68097163333367
2025-05-12,32.44562530517578,33.29945617059785,32.24106136911765,33.29945617059785,27701747,28.804402901262918
2025-05-13,32.84585189819336,33.00594691324761,32.4811964666278,32.62350042864702,25374256,28.93690942575244
2025-05-14,33.06820297241211,33.21050691769158,32.73912269641012,32.85474530718875,18405585,29.072361673183902
2025-05-15,33.512908935546875,33.59295644100576,33.10378112387771,33.2282975242534,27141221,29.217953386704
2025-05-16,33.708580017089844,33.79752130405108,33.237192244577905,33.51290988469687,30524874,29.36518704671665
2025-05-19,34.10881805419922,34.322275770051995,33.539595148852385,33.63743022650234,25052690,29.520715932207878
2025-05-20,34.06434631347656,34.13549654975753,33.67300603549585,34.13549654975753,18517546,29.669687420118326
2025-05-21,33.37949752807617,33.97540166568846,33.10377990591037,33.96650439242381,20822892,29.791320538412023
2025-05-22,33.14824676513672,33.56626827068911,33.032620672674724,33.47732700435338,23576494,29.901383693386602
2025-05-23,33.548484802246094,33.548484802246094,32.338885529526635,32.55234669149479,20729677,30.020960778922976
2025-05-26,33.61963653564453,34.019870553540905,33.38839130140483,33.459541530642575,6695412,30.138950147995814
2025-05-27,33.886470794677734,34.348961405311265,33.68190683352608,34.064353411664285,15157789,30.26181967739522
2025-05-28,33.61074447631836,33.93093100809263,33.53069696972262,33.86867455432492,14984646,30.371620490474665
2025-05-29,33.34392166137695,33.761939732612525,33.21940177378256,33.49511938972953,18040759,30.469072987881297
2025-05-30,33.290565490722656,33.548495627195834,32.98816644862107,33.46844810245523,32129614,30.561580938794126
2025-06-02,33.057106018066406,33.599899853000814,32.95032334942508,33.51981459964811,23768074,30.643401433196495
2025-06-03,32.950321197509766,33.057103859177346,32.72786489425774,32.93252525265062,24216330,30.719038146780534
2025-06-04,32.87024688720703,33.18168648151859,32.6299910884475,33.0749072919334,17784701,30.789569580892877
2025-06-05,32.46982955932617,32.923640317968655,32.37194832758359,32.923640317968655,25542146,30.84466007198905
2025-06-06,32.54991149902344,32.70118057096241,32.30075770912868,32.452026781067644,18733537,30.900569954842634
2025-06-09,32.380836486816406,32.594394837464584,31.918124396240895,32.45202027286135,24664895,30.949103283759808
2025-06-10,32.33063888549805,32.8515247217313,32.30369760975801,32.77967779110356,20974508,30.994399532997125
2025-06-11,32.62699890136719,32.860496982145996,32.097136243298124,32.30369305213795,16665400,31.047927381140404
2025-06-12,32.87845993041992,33.07603630669678,32.38451898972778,32.41146026049635,22525482,31.107944841772518
2025-06-13,32.483314514160156,32.64496923258832,32.2498163907901,32.483314514160156,14821597,31.153038929391784
2025-06-16,33.07604217529297,33.42628934338884,32.797638408660276,32.806618833843174,17874002,31.21608821614264
2025-06-17,33.27361297607422,33.30953467074874,33.02215052739147,33.219726905408734,20133513,31.283548044337117
2025-06-18,33.07604217529297,33.300559862173984,32.96827354444391,33.16584642712194,20285232,31.342318343712716
2025-06-20,32.90540313720703,32.93234440956071,32.68088547695191,32.79763451913841,21841974,31.393567025466627
2025-06-23,32.833560943603516,32.90540787554642,32.46535291578668,32.90540787554642,14711387,31.440779940815375
2025-06-24,33.45323181152344,33.74959643908713,32.85152565954743,32.977255145244456,20742037,31.50676196936318
2025-06-25,32.85151672363281,33.35443452962266,32.72578374348189,33.31851283738152,20384627,31.550852289175296
2025-06-26,32.609039306640625,33.04011378884669,32.51025111041391,32.89642347099599,23717707,31.585546945485632
2025-06-27,32.57312774658203,32.65395159065878,32.27676306566879,32.33064562838662,14240265,31.617926643882235
2025-06-30,33.183807373046875,33.19278779730068,32.25879191701909,32.46534873216457,30712643,31.669266995658123
2025-07-01,33.33444595336914,33.39734250658346,33.07388208364027,33.18169869428045,18712010,31.723863027058485
2025-07-02,33.06488800048828,33.49617201864086,32.84026304061439,33.33444007054111,20331479,31.767831058974213
2025-07-03,33.88252639770508,33.96339237414503,33.100831373026566,33.100831373026566,13945170,31.837165332375225
2025-07-04,33.9005012512207,34.13411450166449,33.7657269558292,33.87354709821059,7528785,31.904815690370157
2025-07-07,33.45125198364258,33.945429118091326,33.37937424069804,33.90949024661906,13885121,31.955518519657776
2025-07-08,33.37037658691406,33.532108523636495,33.154736358177495,33.38834601758544,21526588,32.001907308748144
2025-07-09,32.678531646728516,33.3254523195301,32.57969624974439,33.31646760438063,16093132,32.02409171327209
2025-07-10,31.67221450805664,32.25623875993121,31.663229791130927,32.25623875993121,39571879,32.01255475572405
2025-07-11,31.411649703979492,31.627289988574365,31.20499413704766,31.582366400259154,43139284,31.992852950748816
2025-07-14,31.357736587524414,31.474541429566287,31.007318531058413,31.384690736378605,26665052,31.972029463429983
2025-07-15,31.465559005737305,31.645260405205,31.169052755717797,31.357738872124813,27356285,31.955423874653174
2025-07-16,31.618301391601562,31.717136804109654,31.33976811753917,31.528454225994658,27655294,31.944370678487548
2025-07-17,32.09450912475586,32.20232925417314,31.618301493797603,31.636274457317572,25587775,31.949293250496343
2025-07-18,31.510482788085938,32.094510574849,31.43860505212052,31.824958473956663,32227155,31.93490602222059
2025-07-21,31.878870010375977,31.968720709839438,31.45657419413615,31.49251306178528,12354541,31.933068775930604
2025-07-22,31.447589874267578,32.112480116214925,31.393678041772578,31.89683984691629,23330324,31.91715143489247
2025-07-23,31.79800796508789,31.923797547775884,31.321803788410257,31.41165096865806,13271962,31.91324509162019
2025-07-24,31.501495361328125,31.690181462687892,31.312809259968358,31.690181462687892,11460089,31.899745100463072
2025-07-25,31.636280059814453,31.887859229560302,31.474548071877027,31.474548071877027,18518061,31.891106902409017
2025-07-28,30.971384048461914,31.735113283456975,30.683862495644256,31.699170882891714,17849385,31.86095205473862
2025-07-29,31.151086807250977,31.321803508880386,30.881534677889963,30.944431233843176,16655821,31.837677784329188
2025-07-30,31.510482788085938,31.68119947168515,30.82762311437043,31.007320984624652,19531787,31.826950079534328
2025-07-31,31.59134864807129,31.645260480175576,31.12412571441651,31.160068112599586,22001830,31.819225442437176
2025-08-01,31.40045166015625,32.146582331798705,31.229649258699084,32.0027511472807,16498643,31.80549515449354
2025-08-04,31.733060836791992,31.966787815067775,31.490344631052753,31.858913553393343,17430072,31.803120258831193
2025-08-05,32.08366394042969,32.29941252499972,31.5173212568479,31.661156001303887,49690805,31.812318412326224
2025-08-06,32.48818588256836,33.396129692399136,32.45222543873987,32.62302783361405,41157358,31.83447800151449
2025-08-07,33.06352233886719,33.2702816967864,32.461222725430524,32.57808978174487,26887326,31.874774537165397
2025-08-08,33.28825759887695,33.396135416740314,33.036552109499084,33.07250902737771,18329262,31.921118244106758
2025-08-11,33.49501419067383,33.59389923883447,33.027560168178766,33.09048830141316,22695226,31.972721389895842
2025-08-12,34.18721389770508,34.40296247906708,33.61188199266381,33.67481013394185,27812781,32.04532770162729
2025-08-13,33.863582611083984,34.268111983646904,33.84560415579017,34.08832036648271,22618491,32.104942616691446
2025-08-14,33.81863784790039,34.16024267650262,33.51299699933029,33.57592160198915,26818728,32.16112934558354
2025-08-15,33.701778411865234,34.007419265335585,33.57592214030263,33.701778411865234,19527976,32.21164242972392
2025-08-18,33.944496154785156,34.21418010373655,33.719758353287745,33.80066141870491,21658634,32.26845730595544
2025-08-19,32.958194732666016,33.51188754811502,32.576967647998025,33.502807401074854,40817973,32.291071647814796
2025-08-20,32.97635269165039,33.15789146301113,32.72220126489487,32.92189320010431,16894884,32.313539878760224
2025-08-21,33.012657165527344,33.06711664813187,32.66773284328672,32.72219589232757,16147619,32.33646175701488
2025-08-22,33.938499450683594,33.96573276046789,33.03081280760073,33.13065876631224,32623087,32.3889875830368
2025-08-25,33.76604461669922,34.110965436961195,33.68435181108962,34.02019604922131,11064054,32.43413699397655
2025-08-26,33.53912353515625,33.84773803246026,33.17604597765174,33.81142813684758,22088247,32.470366060900474
2025-08-27,34.10188293457031,34.12003609567941,33.26680899206083,33.40296126681544,12612968,32.52385841741424
2025-08-28,34.80988311767578,35.14572731617003,34.2380406787733,34.34696321791837,25167947,32.59881004693101
2025-08-29,34.93696212768555,35.082191004820864,34.78265666863159,34.91880896384825,32600942,32.67547077089017
2025-09-01,35.21633529663086,35.47968401242564,34.952983012763724,35.04379402209472,14863209,32.75877780452101
2025-09-02,34.616981506347656,34.94389896821879,34.47168247791247,34.64422373615225,24358676,32.81970251605631
2025-09-03,34.317317962646484,34.771369552992866,34.17202245279615,34.61699329678146,20686108,32.86880466184615
2025-09-04,34.453529357910156,34.82585419460791,34.06304659833863,34.30823386226411,15877244,32.920762848602344
2025-09-05,34.83493423461914,35.25266279022385,34.58974697565909,34.798611253461445,15664343,32.98352256617667
2025-09-08,34.67147445678711,34.88033871775483,34.299149657639205,34.83493142689478,11800195,33.038865251114714
2025-09-09,34.371803283691406,34.844016329320155,34.32639598741299,34.844016329320155,19497179,33.0825681374287
2025-09-10,34.3990478515625,34.82585719790722,34.32639831343791,34.380886359049654,14517129,33.12573140674456
2025-09-11,34.462615966796875,35.18001631540824,34.462615966796875,34.553423427578224,18078972,33.16956368740202
2025-09-12,33.94499206542969,34.29007108468655,33.83601598769305,34.25374810415617,22589754,33.19498756864883
2025-09-15,34.508018493652344,34.671479053503994,33.97223665336325,34.0630476790505,14196181,33.23803776291123
2025-09-16,34.41720962524414,34.73504645103512,34.20834532349369,34.68055840497824,19993536,33.27669913544674
2025-09-17,34.90758514404297,35.25266418289195,34.38088405608487,34.444449275622,25226348,33.33017080785973
2025-09-18,34.95298767089844,35.00747571098752,34.65331237059054,34.907583944218224,15433005,33.383377918123294
2025-09-19,35.4161262512207,35.4161262512207,34.91666737890491,34.96207110908221,26702853,33.45002540445436
2025-09-22,34.90758514404297,35.28898716548459,34.76228607752649,35.17093390398555,18325039,33.49781424837529
2025-09-23,35.46152877807617,35.63407008304124,34.93482768552663,34.93482768552663,16930110,33.5621983313163
2025-09-24,35.22541809082031,35.54325485794023,35.15276856551296,35.47060533263287,18713452,33.616730126709875
2025-09-25,34.943904876708984,35.43428293646727,34.93482413190537,35.243580159446125,15146768,33.660244052939355
2025-09-26,35.116451263427734,35.28898900782346,34.95299069708112,34.99839799576546,12786935,33.70798855164389
2025-09-29,35.31623840332031,35.74304778673324,35.28899259411157,35.48877616525041,19124422,33.760718054977545
2025-09-30,35.47968673706055,35.87017303674923,35.161849964030196,35.779362020444474,33263438,33.8170776838983
2025-10-01,34.841590881347656,35.804616978241036,34.79616663749262,35.668340676990745,25519177,33.85066828053598
2025-10-02,34.46001052856445,35.159568822485944,34.42367113603837,34.905182365748615,17094601,33.87064671489757
2025-10-03,34.71440505981445,34.71440505981445,34.269233119084035,34.441848843417965,17766985,33.89831092292763
2025-10-06,34.31465148925781,34.7507385050044,34.31465148925781,34.70531426156627,14832309,33.911961433299105
2025-10-07,33.7695426940918,34.27830849895547,33.58783858110612,34.26922721995984,20705472,33.90729196643985
2025-10-08,33.83313751220703,34.023926478820954,33.66052181311105,33.84222236112339,15395204,33.90486067285845
2025-10-09,33.778629302978516,33.99667282204953,33.57875548221587,33.99667282204953,18067539,33.90072193941976
2025-10-10,33.74229049682617,34.123868487088565,33.64235357412343,33.951249192505905,23250808,33.8955274658921
2025-10-13,33.878570556640625,34.09661410366513,33.869485706321754,33.869485706321754,8194989,33.89497150165435
2025-10-14,34.02393341064453,34.37825686931096,33.78772015132422,33.78772015132422,21154861,33.8991997609655
2025-10-15,34.02393341064453,34.251061819197595,33.66961352166406,33.90582678098438,21972166,33.90328938882383
2025-10-16,33.94215774536133,34.34190535847882,33.70594454476829,33.90581835132704,15847580,33.90456376116932
2025-10-17,34.060272216796875,34.17837526232349,33.624181584886365,33.751376619439924,17469315,33.909668956435794
2025-10-20,34.66897201538086,34.84159128339225,34.142032932156084,34.17837232765944,19114019,33.93456413869629
2025-10-21,34.34191131591797,34.73257414829685,34.31465676566429,34.66897662801923,14013871,33.9479197838511
2025-10-22,34.62355041503906,34.62355041503906,34.287400271907146,34.46001598341516,13890374,33.97007160782447
2025-10-23,34.59629821777344,34.832511462009144,34.41459407466025,34.750744240639634,11432588,33.9906036278228
2025-10-24,34.550872802734375,34.99604834132532,34.50544854863631,34.868853290478775,10169911,34.00897310896744
2025-10-27,34.841590881347656,35.0778040887642,34.696226161641185,34.81433633503464,11194349,34.036272052324165
2025-10-28,34.95970153808594,34.95970153808594,34.69623018412582,34.741658002932674,10478499,34.066548428906515
2025-10-29,35.74102783203125,35.89547385154477,35.02329969503159,35.02329969503159,27235466,34.12144939294339
2025-10-30,35.69559860229492,36.04991844696011,35.45030052288713,35.67742890303294,18657008,34.173060842430324
2025-10-31,35.831878662109375,36.004494375631474,35.72285332663101,35.831878662109375,16449821,34.22744831192799
2025-11-03,36.42963409423828,36.475082256521425,35.947907144512456,36.2660299953578,17968144,34.299651124462756
2025-11-04,36.320560455322266,36.51143486406175,36.18422312248715,36.40236428353688,20386481,34.36591044678602
2025-11-05,36.475074768066406,36.50234151706784,35.720666142092675,36.320556047824766,36312135,34.435063375352584
2025-11-06,36.475074768066406,37.07496110251507,36.36600420077725,36.438715531447734,23226500,34.50194899478582
2025-11-07,36.51143264770508,36.53869939836015,36.147861687169495,36.47507698016498,12706904,34.5678337047176
2025-11-10,36.756839752197266,36.829554656990425,36.55687644247875,36.67503593071541,16552409,34.6396043947989
2025-11-11,37.46580123901367,37.60213856421617,36.75684071965011,36.90227053306419,37289193,34.7322665864125
2025-11-12,36.611412048339844,37.5839582366517,36.47507473218338,37.46579875314497,36789128,34.793877913033064
2025-11-13,36.756839752197266,37.31128152662573,36.52052077572396,36.77501758557466,33686974,34.85823731759582
2025-11-14,36.90227127075195,36.974982607628846,36.54778921834213,36.73866362021146,17006742,34.925254824256676
2025-11-17,36.62958908081055,36.99316001099677,36.529607432137674,36.90226727845021,43985120,34.981134635946965
2025-11-18,36.44780731201172,36.675037380780594,36.266025399766846,36.311469985007136,17147337,35.0292222646704
2025-11-19,36.220577239990234,36.53870005049483,36.12059558118686,36.40236272350249,25766686,35.068283083533345
2025-11-21,36.32965087890625,36.3841879570716,35.94790561688483,36.220580293859555,16502454,35.10963940469311
2025-11-24,36.19330596923828,36.51142874001755,36.10241323883231,36.28419869964426,29014997,35.145169455989674
2025-11-25,36.27511215209961,36.55687570634261,36.111504512430415,36.35691240065071,30345963,35.18221675750147
2025-11-26,37.129493713378906,37.18402720483351,36.3296406017806,36.44780007121526,22251296,35.246061903595816
2025-11-27,37.00224304199219,37.15676174904387,36.88408713973862,36.95679846420236,9469408,35.30364161305143
2025-11-28,37.8475456237793,38.09295349479687,37.447619040429736,37.51124502279289,45311657,35.387048301927756
2025-12-01,37.55442810058594,37.96361702238876,37.41802941145335,37.927242371314584,15912985,35.458109934670645
2025-12-02,38.39099884033203,38.39099884033203,37.68173766843575,37.699923211059065,21175667,35.55427022665954
2025-12-03,38.39099884033203,38.609232497408094,38.118204982587876,38.46374458362344,23159653,35.647277722189784
2025-12-04,39.336673736572266,39.336673736572266,38.50920308000371,38.51829585004972,23199514,35.76824152594003
2025-12-05,37.518062591552734,39.46398363667179,37.41803852912142,39.38214511781011,39832160,35.82561270841913
2025-12-08,37.69991683959961,38.26368642963342,37.48168321940604,38.14547684976169,40458400,35.88706530288406
2025-12-09,37.61808776855469,37.73630095085647,37.03613249309227,37.61808776855469,24725047,35.94382013782408
2025-12-10,37.91414260864258,38.10640216416606,37.38542033241662,37.6834243431853,25643189,36.00842087457223
2025-12-11,37.88529968261719,38.221758619246216,37.70264914265704,37.87568689389583,21275268,36.069957884672064
2025-12-12,38.22175979614258,38.51015479804488,37.82762411504948,38.16408306203851,17595593,36.140508767015355
2025-12-15,38.79854965209961,39.01003856392992,38.35634625047755,38.62551189619215,17767809,36.227657648493526
2025-12-16,37.79878234863281,38.65435079674564,37.79878234863281,38.60628685117856,20379168,36.279169933743994
2025-12-17,37.46232223510742,37.818010529769396,37.25083710405136,37.5872960439562,31625017,36.31796181247722
2025-12-18,37.65458679199219,37.74110567127168,37.31812784112958,37.31812784112958,21898830,36.36178558229739
2025-12-19,38.00065994262695,38.45247615692523,37.67381376875932,37.827625954772024,35446214,36.41551916788196
2025-12-22,38.07756423950195,38.18330869597488,37.769943659114595,37.942981415934774,15858704,36.47001244891868
2025-12-23,38.70241928100586,38.788934384729,38.20253535163502,38.26021586457787,10490138,36.543206115544486
2025-12-26,38.71491241455078,38.833733284237105,38.32875403088842,38.635702278553836,12196300,36.6144096007578
2025-12-29,38.596099853515625,38.883244656613336,38.4772827470064,38.79413088244949,10657000,36.67938305166789
2025-12-30,38.84363555908203,39.27930077707367,38.764425418141506,38.84363555908203,13764900,36.750342150271635
2026-01-02,38.78239822387695,39.3965756067013,38.78239822387695,39.25789075692277,18846800,36.81696693957017
2026-01-05,39.3470458984375,39.76310044835874,38.6932431922193,38.87155336472233,24438700,36.89992034805763
2026-01-06,39.58478927612305,40.09990711935796,39.58478927612305,39.713569681651435,21959800,36.987948837502394
2026-01-07,38.9508056640625,39.604608461478186,38.82202523731841,39.52536158424439,20894500,37.05230479902895
2026-01-08,39.55507278442383,39.71357029410359,38.86164476249533,38.98051695003548,17209400,37.13436276576321
2026-01-09,39.47582244873047,39.9116934379161,39.39657558271046,39.55507309362922,17023600,37.21113193569656
2026-01-12,39.11920928955078,39.53526387486012,39.11920928955078,39.47582588601062,10672200,37.27369184893768
2026-01-13,38.802207946777344,39.19845362233846,38.802207946777344,39.09939409288759,17397400,37.32380713083406
2026-01-14,39.228172302246094,39.28761028963313,38.85174305209847,39.09939566455932,21222100,37.38624533317544
2026-01-15,39.564979553222656,39.84235304563983,39.287609839684414,39.42629469645354,19093500,37.45767924202944
2026-01-16,39.23807907104492,39.713571615910276,39.089485997515006,39.59469942441365,19742500,37.51605300691519
2026-01-19,39.17864227294922,39.49563731246424,39.15882961061966,39.34704801331098,7190900,37.570564130391716
2026-01-20,39.545166015625,39.71357175145895,38.703148673091775,38.98051838049023,20693900,37.6353051758092
2026-01-21,41.27873229980469,41.37779560412173,39.86216294741835,39.89188004927413,39510800,37.75476180282544
2026-01-22,42.67549514770508,43.16089209684375,41.506574647299736,41.566008849059585,42959700,37.91609732232969
2026-01-23,43.16089630126953,43.497703999939425,42.635873980561335,42.78446327831402,41025100,38.08805794459001
2026-01-26,43.735450744628906,43.92366536054703,42.87361697439614,43.10145691331139,25371700,38.273218364263414
2026-01-27,44.894466400146484,45.63742425599032,44.27038074315153,44.35953583700795,40280000,38.49030846380056
2026-01-28,45.90488815307617,45.98413502362566,45.20155564435404,45.21146008609312,36337500,38.73340943721943
2026-01-29,45.716670989990234,46.608218073271765,45.22136579520758,46.24169328721865,36252700,38.962368832392244
2026-01-30,45.072776794433594,45.94451507403845,44.55765889188886,45.65723712819789,38117000,39.16271007704933
2026-02-02,45.46737289428711,45.68539172300932,45.02141927582695,45.378182170595075,28095400,39.36942033335221
2026-02-03,45.725032806396484,46.557478299299476,45.47728121660857,45.88359367264518,48570600,39.57780107017333
2026-02-04,44.21870803833008,45.56647745475006,43.653834647681954,45.487198902225785,48683500,39.72996195437519
2026-02-05,45.11061477661133,45.467377709159685,44.33763094301633,44.833134175913564,36014400,39.906376801005884
2026-02-06,46.329551696777344,46.51784156198441,44.7043017180522,45.179984362040805,38175900,40.116972699227894
2026-02-09,47.87552261352539,47.964713344594685,46.319642800730755,46.57730281249228,41656900,40.371351384942564
2026-02-10,47.984527587890625,48.74760296181632,47.75659657184363,47.87552006052069,43939300,40.62096371946545
2026-02-11,48.925987243652344,49.22328842175811,48.16291182560081,48.36111387113451,45819200,40.893259572717476
2026-02-12,47.80615234375,48.65841470688624,47.43947723895617,48.608865140948836,42023800,41.11991179471854
2026-02-13,47.34037780761719,47.637678981750526,46.180898313990774,47.637678981750526,32353500,41.32386150005948
2026-02-18,47.55839920043945,47.98452847807482,47.092624978786894,47.63767774730553,23368500,41.528272572203086
2026-02-19,48.11336135864258,48.727784285944566,47.49893843134059,47.667407709637295,32026400,41.74417712257815
2026-02-20,48.7872428894043,48.84670463223725,47.58812609519271,47.61785507641455,31655900,41.975097311654416
2026-02-23,47.02325439453125,48.450302248330225,46.86469352188692,48.36111152119345,34148200,42.14061065863398
2026-02-24,47.73677444458008,47.91515589142995,46.82505040991565,47.21154228462728,38465900,42.324091438501064
2026-02-25,47.360198974609375,48.06381264416866,46.646673123569215,47.90525176398079,28980200,42.489209718373466
2026-02-26,47.241275787353516,47.7169622114098,46.73586415982942,47.36019928356239,26516600,42.64501516325806
2026-02-27,46.35927963256836,47.191725185825966,45.86377641706715,47.17190460355918,44765800,42.766794326186265
2026-03-02,45.52470779418945,45.931182046287745,45.18763822644647,45.43548616639356,47144000,42.85721771857981
2026-03-03,43.99796676635742,44.48374660427651,43.066056104304714,43.83934423819985,54352300,42.89461932670367
2026-03-04,44.62254333496094,45.09841472786097,44.13676346992074,44.85056677741118,27146100,42.951272572876036
2026-03-05,43.13545227050781,44.61262760408333,42.95700523940204,44.41434850280443,37085400,42.957311251486914
2026-03-06,42.560447692871094,43.21476608987561,42.28285921591747,43.08588410477884,26063600,42.94429933153229
2026-03-09,42.78846740722656,42.90743335727304,41.98543873522925,42.15397729783285,40970400,42.93919008811243
2026-03-10,43.42295455932617,43.81951274161957,42.451391172752366,43.204850962738,50383100,42.95505121831616
2026-03-11,43.512184143066406,44.05744885972915,42.82812518381964,42.89752230511165,18482600,42.97331787158666
2026-03-12,42.322513580322266,42.847953793569054,41.93587139255732,42.719071803694234,27095200,42.95198002597143
2026-03-13,42.035011291503906,42.97683041907826,41.965614172248095,42.461310042280644,24896600,42.92191547730036
2026-03-16,42.629844665527344,43.095799991833914,42.48113439232247,42.87769259962925,17777300,42.91233938511108
2026-03-17,42.342342376708984,43.006576841532045,41.906131351263966,42.530709236903064,22436600,42.893650958606095
2026-03-18,41.91604232788086,42.66950218197894,41.90613007431668,42.13414972488705,23872800,42.8615982166151
2026-03-19,42.213462829589844,42.23328733669413,41.013875929371515,41.34103702448363,32908000,42.840347876056896
2026-03-20,41.532623291015625,42.25232341177668,41.18277118403566,42.092390475285555,37660900,42.7974716601539
2026-03-23,42.762107849121094,43.121957904400965,42.04241155166327,42.5222103543358,27535500,42.79631219093971
2026-03-24,42.522212982177734,42.7921005403165,41.942453676597694,42.48222879287522,18609000,42.78732533163603
2026-03-25,43.081974029541016,43.48180827454775,42.83207857968729,43.13195616999332,35148900,42.7969859446821
2026-03-26,41.92245864868164,42.8220837795318,41.92245864868164,42.672144986689474,18260900,42.768312918583725
2026-03-27,41.43266677856445,41.792516840186465,41.162779232347944,41.792516840186465,27910700,42.72452124186178
2026-03-30,41.582603454589844,42.042414003766766,41.21275923758207,41.98243772002139,18528100,42.68708131441024
2026-03-31,43.46181869506836,43.621751639702104,42.13237680775702,42.272317657673774,33419700,42.71248254000559
2026-04-01,43.83000183105469,44.279998779296875,43.5,43.84000015258789,26681100,42.7491225167613
2026-04-02,43.29999923706055,44.0099983215332,42.470001220703125,42.619998931884766,17811800,42.767184048574386
2026-04-06,43.4900016784668,43.7400016784668,43.20000076293945,43.349998474121094,11004600,42.79088298725938
2026-04-07,43.459999084472656,43.470001220703125,42.63999938964844,43.29999923706055,20302000,42.8128212199549
2026-04-08,44.97999954223633,45.72999954223633,44.70000076293945,45.70000076293945,35777600,42.883876246914944
2026-04-09,45.75,45.959999084472656,44.9900016784668,45.20000076293945,22162900,42.9778475175079
2026-04-10,46.06999969482422,46.380001068115234,45.77000045776367,45.83000183105469,29705900,43.07922955610843
2026-04-13,45.83000183105469,46.040000915527344,45.2400016784668,45.7599983215332,31011600,43.1694188110247
2026-04-14,46.529998779296875,46.84000015258789,45.849998474121094,46.0,23343300,43.27960176080411
2026-04-15,47.040000915527344,47.40999984741211,46.369998931884766,46.369998931884766,28907200,43.40289353636881
2026-04-16,46.97999954223633,47.470001220703125,46.52000045776367,47.27000045776367,22566300,43.520175700495614
2026-04-17,46.79999923706055,47.900001525878906,46.75,47.5,39165500,43.62771089841577
2026-04-20,46.369998931884766,47.029998779296875,46.22999954223633,46.79999923706055,19194500,43.71762198148033
2026-04-22,45.029998779296875,46.2599983215332,44.97999954223633,46.2599983215332,25440000,43.76065072894972
2026-04-23,44.18000030517578,45.119998931884766,44.119998931884766,44.900001525878906,20444200,43.77439989538336
2026-04-24,44.369998931884766,44.52000045776367,43.88999938964844,44.459999084472656,18234600,43.7939277326457
2026-04-27,43.9900016784668,44.560001373291016,43.97999954223633,44.5,13718400,43.80035638660704
2026-04-28,44.099998474121094,44.61000061035156,43.20000076293945,43.68000030517578,27131800,43.810180717345204
2026-04-29,42.869998931884766,44.0099983215332,42.7599983215332,43.849998474121094,18628100,43.77935508503502
2026-04-30,43.189998626708984,43.560001373291016,43.130001068115234,43.31999969482422,22735500,43.76003192246695
